time,probability,signal,future_return,position,pnl
2025-10-13 07:00:00+00:00,0.32977603355281415,-0.3404479328943717,-0.01931393160387529,-1.0,0.01931393160387529
2025-10-13 08:00:00+00:00,0.9184541524774641,0.8369083049549282,-0.0024541935793118697,1.0,-0.0024541935793118697
2025-10-13 09:00:00+00:00,0.7980082705642426,0.5960165411284852,-0.016447953255714465,1.0,-0.016447953255714465
2025-10-13 10:00:00+00:00,0.5078442709259204,0.015688541851840876,-0.004014467504740993,1.0,-0.004014467504740993
2025-10-13 11:00:00+00:00,0.43724945790260117,-0.12550108419479766,0.02062085670576219,-1.0,-0.02062085670576219
2025-10-13 12:00:00+00:00,0.3290953460655792,-0.34180930786884156,0.03358726438128712,-1.0,-0.03358726438128712
2025-10-13 13:00:00+00:00,0.23402664273107937,-0.5319467145378413,0.015297161844308738,-1.0,-0.015297161844308738
2025-10-13 14:00:00+00:00,0.5476226541136485,0.09524530822729704,0.038263112639724595,1.0,0.038263112639724595
2025-10-13 15:00:00+00:00,0.32652368114787267,-0.34695263770425466,0.03647180360629321,-1.0,-0.03647180360629321
2025-10-13 16:00:00+00:00,0.23317037578333616,-0.5336592484333277,0.022522273654272507,-1.0,-0.022522273654272507
2025-10-13 17:00:00+00:00,0.3001709169720276,-0.39965816605594484,0.008584603464078855,-1.0,-0.008584603464078855
2025-10-13 18:00:00+00:00,0.3693042682227947,-0.26139146355441056,0.0032939884710403433,-1.0,-0.0032939884710403433
2025-10-13 19:00:00+00:00,0.23410989176190689,-0.5317802164761862,-0.002343308865047966,-1.0,0.002343308865047966
2025-10-13 20:00:00+00:00,0.30219164429886486,-0.3956167114022703,-0.017303598438871415,-1.0,0.017303598438871415
2025-10-13 21:00:00+00:00,0.46262253073778653,-0.07475493852442694,-0.020372349797380673,-1.0,0.020372349797380673
2025-10-13 22:00:00+00:00,0.44034644312022475,-0.1193071137595505,-0.02756763087012526,-1.0,0.02756763087012526
2025-10-13 23:00:00+00:00,0.6397106442496397,0.2794212884992795,-0.03337421576489452,1.0,-0.03337421576489452
2025-10-14 00:00:00+00:00,0.4621887344283582,-0.07562253114328354,-0.04058541094792034,-1.0,0.04058541094792034
2025-10-14 01:00:00+00:00,0.41570405108717445,-0.1685918978256511,-0.04942338982648242,-1.0,0.04942338982648242
2025-10-14 02:00:00+00:00,0.2019117896142016,-0.5961764207715968,-0.04575986263887788,-1.0,0.04575986263887788
2025-10-14 03:00:00+00:00,0.25594263505948583,-0.48811472988102833,-0.037839009586203676,-1.0,0.037839009586203676
2025-10-14 04:00:00+00:00,0.865547030049759,0.7310940600995179,-0.027896932874606595,1.0,-0.027896932874606595
2025-10-14 05:00:00+00:00,0.8046332062156546,0.6092664124313092,-0.03126582340708994,1.0,-0.03126582340708994
2025-10-14 06:00:00+00:00,0.6151018323708203,0.23020366474164056,-0.008001239417473771,1.0,-0.008001239417473771
2025-10-14 07:00:00+00:00,0.47312638153766795,-0.0537472369246641,-0.010039681243261822,-1.0,0.010039681243261822
2025-10-14 08:00:00+00:00,0.2255019567079074,-0.5489960865841852,-0.010175983177710402,-1.0,0.010175983177710402
2025-10-14 09:00:00+00:00,0.7273570564512867,0.45471411290257335,-0.004211879105515237,1.0,-0.004211879105515237
2025-10-14 10:00:00+00:00,0.9307221189620656,0.8614442379241312,0.0359921241062231,1.0,0.0359921241062231
2025-10-14 11:00:00+00:00,0.7001408663455925,0.40028173269118494,0.031217725562110443,1.0,0.031217725562110443
2025-10-14 12:00:00+00:00,0.9276794126048347,0.8553588252096693,0.0406853063773398,1.0,0.0406853063773398
2025-10-14 13:00:00+00:00,0.929055667833663,0.858111335667326,0.041688901253145616,1.0,0.041688901253145616
2025-10-14 14:00:00+00:00,0.9187709467664731,0.8375418935329462,0.03377705630433625,1.0,0.03377705630433625
2025-10-14 15:00:00+00:00,0.5944407426009652,0.1888814852019305,0.008163135349339656,1.0,0.008163135349339656
2025-10-14 16:00:00+00:00,0.9033150473789922,0.8066300947579843,0.005425290500978397,1.0,0.005425290500978397
2025-10-14 17:00:00+00:00,0.7788782589802149,0.5577565179604298,0.004254146207004261,1.0,0.004254146207004261
2025-10-14 18:00:00+00:00,0.6543786828899221,0.30875736577984414,0.0009347178487406627,1.0,0.0009347178487406627
2025-10-14 19:00:00+00:00,0.9084961136963221,0.8169922273926442,0.004098810345290138,1.0,0.004098810345290138
2025-10-14 20:00:00+00:00,0.8124358445204131,0.6248716890408261,-0.001071345279278546,1.0,-0.001071345279278546
2025-10-14 21:00:00+00:00,0.8583208736517204,0.7166417473034408,0.0001384839650144798,1.0,0.0001384839650144798
2025-10-14 22:00:00+00:00,0.8319583191975896,0.6639166383951791,-0.008979905124399834,1.0,-0.008979905124399834
2025-10-14 23:00:00+00:00,0.8773898765985996,0.7547797531971991,-0.001986542930187074,1.0,-0.001986542930187074
2025-10-15 00:00:00+00:00,0.8653208221692253,0.7306416443384507,-0.002360369111219063,1.0,-0.002360369111219063
2025-10-15 01:00:00+00:00,0.8132658519830839,0.6265317039661678,0.0011065417287829948,1.0,0.0011065417287829948
2025-10-15 02:00:00+00:00,0.34545299230263415,-0.3090940153947317,0.0007579125339784998,-1.0,-0.0007579125339784998
2025-10-15 03:00:00+00:00,0.523990338208952,0.047980676417904045,0.02450980392156854,1.0,0.02450980392156854
2025-10-15 04:00:00+00:00,0.5011421219255539,0.0022842438511077034,0.009672989755866501,1.0,0.009672989755866501
2025-10-15 05:00:00+00:00,0.20471548673033504,-0.59056902653933,0.0020860311371184714,-1.0,-0.0020860311371184714
2025-10-15 06:00:00+00:00,0.3245603936757295,-0.35087921264854105,-0.004435850220820825,-1.0,0.004435850220820825
2025-10-15 07:00:00+00:00,0.16882640615025307,-0.6623471876994939,-0.006386402860409257,-1.0,0.006386402860409257
2025-10-15 08:00:00+00:00,0.41632596910407593,-0.16734806179184814,-0.03035885167464114,-1.0,0.03035885167464114
2025-10-15 09:00:00+00:00,0.39081254607583304,-0.2183749078483339,-0.03535089725227791,-1.0,0.03535089725227791
2025-10-15 10:00:00+00:00,0.2958523544967021,-0.4082952910065958,-0.03347705162927972,-1.0,0.03347705162927972
2025-10-15 11:00:00+00:00,0.26695781144128483,-0.46608437711743034,-0.03030598799472939,-1.0,0.03030598799472939
2025-10-15 12:00:00+00:00,0.3021603315874357,-0.39567933682512857,-0.025057531917388576,-1.0,0.025057531917388576
2025-10-15 13:00:00+00:00,0.43447379474207903,-0.13105241051584193,-0.011788507562112915,-1.0,0.011788507562112915
2025-10-15 14:00:00+00:00,0.3488030376777458,-0.3023939246445084,-0.0066250945105289505,-1.0,0.0066250945105289505
2025-10-15 15:00:00+00:00,0.3576562030466452,-0.2846875939067096,-0.004885612825236363,-1.0,0.004885612825236363
2025-10-15 16:00:00+00:00,0.6574234839379861,0.3148469678759722,-0.005495722194262753,1.0,-0.005495722194262753
2025-10-15 17:00:00+00:00,0.5839097229449365,0.16781944588987296,-0.0078079387392534505,1.0,-0.0078079387392534505
2025-10-15 18:00:00+00:00,0.2817865216492014,-0.43642695670159715,-0.005395324218789077,-1.0,0.005395324218789077
2025-10-15 19:00:00+00:00,0.6107925688836632,0.22158513776732636,-0.00019342165418212431,1.0,-0.00019342165418212431
2025-10-15 20:00:00+00:00,0.8689611105019279,0.7379222210038558,0.012294202177498104,1.0,0.012294202177498104
2025-10-15 21:00:00+00:00,0.8178632162570186,0.6357264325140373,0.019437472167118885,1.0,0.019437472167118885
2025-10-15 22:00:00+00:00,0.278696935788121,-0.442606128423758,0.013337037364413495,-1.0,-0.013337037364413495
2025-10-15 23:00:00+00:00,0.39884788317210007,-0.20230423365579986,0.0033034533136195865,-1.0,-0.0033034533136195865
2025-10-16 00:00:00+00:00,0.5868439771569262,0.1736879543138523,0.0036304981948007686,1.0,0.0036304981948007686
2025-10-16 01:00:00+00:00,0.3255653202157504,-0.3488693595684992,0.007856257188263216,-1.0,-0.007856257188263216
2025-10-16 02:00:00+00:00,0.35302693351449044,-0.2939461329710191,-0.0066344335290817735,-1.0,0.0066344335290817735
2025-10-16 03:00:00+00:00,0.3239083357399849,-0.3521833285200302,-0.0049346286318119326,-1.0,0.0049346286318119326
2025-10-16 04:00:00+00:00,0.863228901571811,0.726457803143622,0.007768578912999535,1.0,0.007768578912999535
2025-10-16 05:00:00+00:00,0.7639577572246093,0.5279155144492187,0.013152690368545716,1.0,0.013152690368545716
2025-10-16 06:00:00+00:00,0.6138472473217053,0.22769449464341052,0.005010198625660767,1.0,0.005010198625660767
2025-10-16 07:00:00+00:00,0.843811213189244,0.687622426378488,0.012592916484477579,1.0,0.012592916484477579
2025-10-16 08:00:00+00:00,0.6223441784733991,0.24468835694679814,0.006547013770268562,1.0,0.006547013770268562
2025-10-16 09:00:00+00:00,0.7927427816567987,0.5854855633135974,-0.0036023555582037625,1.0,-0.0036023555582037625
2025-10-16 10:00:00+00:00,0.5246706032670314,0.04934120653406282,-0.03507644867017856,1.0,-0.03507644867017856
2025-10-16 11:00:00+00:00,0.4352330546064257,-0.1295338907871486,-0.024032019704433583,-1.0,0.024032019704433583
2025-10-16 12:00:00+00:00,0.5658185020384703,0.13163700407694057,-0.03279582495404254,1.0,-0.03279582495404254
2025-10-16 13:00:00+00:00,0.9050683035440193,0.8101366070880387,-0.028774758634418363,1.0,-0.028774758634418363
2025-10-16 14:00:00+00:00,0.6805220160520051,0.36104403210401026,-0.03687637196299409,1.0,-0.03687637196299409
2025-10-16 15:00:00+00:00,0.9620800672985118,0.9241601345970236,-0.014304004916521507,1.0,-0.014304004916521507
2025-10-16 16:00:00+00:00,0.411559127175219,-0.17688174564956205,-0.020353671862972877,-1.0,0.020353671862972877
2025-10-16 17:00:00+00:00,0.978335045444125,0.95667009088825,-0.014406567782557,1.0,-0.014406567782557
2025-10-16 18:00:00+00:00,0.7900215697404046,0.5800431394808092,-0.0027644267721538274,1.0,-0.0027644267721538274
2025-10-16 19:00:00+00:00,0.5918883822005357,0.1837767644010715,0.015938800799915276,1.0,0.015938800799915276
2025-10-16 20:00:00+00:00,0.8640720741587393,0.7281441483174786,0.0179667163721573,1.0,0.0179667163721573
2025-10-16 21:00:00+00:00,0.9670281962558471,0.9340563925116943,0.010064970194086253,1.0,0.010064970194086253
2025-10-16 22:00:00+00:00,0.6371257453047862,0.2742514906095723,0.017630142340556043,1.0,0.017630142340556043
2025-10-16 23:00:00+00:00,0.33075815785889795,-0.3384836842822041,0.0045319432633588175,-1.0,-0.0045319432633588175
2025-10-17 00:00:00+00:00,0.5700402502410068,0.1400805004820136,-0.008472072971362543,1.0,-0.008472072971362543
2025-10-17 01:00:00+00:00,0.640526246955694,0.2810524939113881,-0.02541533750159508,1.0,-0.02541533750159508
2025-10-17 02:00:00+00:00,0.1777068180164668,-0.6445863639670664,-0.042434676154405326,-1.0,0.042434676154405326
2025-10-17 03:00:00+00:00,0.22664454791709676,-0.5467109041658065,-0.056954555397850215,-1.0,0.056954555397850215
2025-10-17 04:00:00+00:00,0.6387413323106548,0.27748266462130955,-0.048061258155350006,1.0,-0.048061258155350006
2025-10-17 05:00:00+00:00,0.6299753646413391,0.25995072928267815,-0.04379069020866777,1.0,-0.04379069020866777
2025-10-17 06:00:00+00:00,0.9015409388103455,0.8030818776206909,-0.011272850106443966,1.0,-0.011272850106443966
2025-10-17 07:00:00+00:00,0.8434692078084834,0.6869384156169669,0.005079278832964551,1.0,0.005079278832964551
2025-10-17 08:00:00+00:00,0.8251761214208028,0.6503522428416055,0.021529506644692997,1.0,0.021529506644692997
2025-10-17 09:00:00+00:00,0.23024745810310338,-0.5395050837937932,0.007133089205258347,-1.0,-0.007133089205258347
2025-10-17 10:00:00+00:00,0.33756844117852675,-0.3248631176429465,0.019421256754869498,-1.0,-0.019421256754869498
2025-10-17 11:00:00+00:00,0.289941599113409,-0.420116801773182,0.0027199101661607994,-1.0,-0.0027199101661607994
2025-10-17 12:00:00+00:00,0.9458211100097537,0.8916422200195073,0.011069181723262433,1.0,0.011069181723262433
2025-10-17 13:00:00+00:00,0.8748646388435155,0.749729277687031,0.012222459859160484,1.0,0.012222459859160484
2025-10-17 14:00:00+00:00,0.7615012858927575,0.5230025717855149,0.02053011225404422,1.0,0.02053011225404422
2025-10-17 15:00:00+00:00,0.4266303176209277,-0.14673936475814464,0.01604247078815968,-1.0,-0.01604247078815968
2025-10-17 16:00:00+00:00,0.7119060365375527,0.4238120730751054,0.02330611996946752,1.0,0.02330611996946752
2025-10-17 17:00:00+00:00,0.9180422382978757,0.8360844765957514,0.009734464565133605,1.0,0.009734464565133605
2025-10-17 18:00:00+00:00,0.504011133606001,0.008022267212002054,-0.0010095002582442003,1.0,-0.0010095002582442003
2025-10-17 19:00:00+00:00,0.5914670364950847,0.1829340729901694,0.0034687369301547033,1.0,0.0034687369301547033
2025-10-17 20:00:00+00:00,0.832575309608686,0.665150619217372,0.0026086234973188294,1.0,0.0026086234973188294
2025-10-17 21:00:00+00:00,0.4094412597149436,-0.1811174805701128,-0.006501702212230676,-1.0,0.006501702212230676
2025-10-17 22:00:00+00:00,0.5351960482686298,0.07039209653725953,0.0041402224558397815,1.0,0.0041402224558397815
2025-10-17 23:00:00+00:00,0.7787374818405273,0.5574749636810545,0.0032273984192014993,1.0,0.0032273984192014993
2025-10-18 00:00:00+00:00,0.6838176806092604,0.3676353612185208,0.006856184241716967,1.0,0.006856184241716967
2025-10-18 01:00:00+00:00,0.743891413596149,0.48778282719229793,0.0008974524763998293,1.0,0.0008974524763998293
2025-10-18 02:00:00+00:00,0.5787281906965136,0.1574563813930272,0.010659413173714993,1.0,0.010659413173714993
2025-10-18 03:00:00+00:00,0.2346625571701054,-0.5306748856597892,0.0015406886568090084,-1.0,-0.0015406886568090084
2025-10-18 04:00:00+00:00,0.5572760323639303,0.11455206472786061,0.008997753815000786,1.0,0.008997753815000786
2025-10-18 05:00:00+00:00,0.2451059857180102,-0.5097880285639795,0.002356934587950388,-1.0,-0.002356934587950388
2025-10-18 06:00:00+00:00,0.29085629889869763,-0.41828740220260474,0.0027777993111057775,-1.0,-0.0027777993111057775
2025-10-18 07:00:00+00:00,0.2679738315626107,-0.46405233687477865,-0.0022852236768708956,-1.0,0.0022852236768708956
2025-10-18 08:00:00+00:00,0.8940982663680378,0.7881965327360756,-0.002710125027101218,1.0,-0.002710125027101218
2025-10-18 09:00:00+00:00,0.32180096152503673,-0.35639807694992653,-0.0012020718973131395,-1.0,0.0012020718973131395
2025-10-18 10:00:00+00:00,0.29456757682896234,-0.4108648463420753,0.0004078156053997084,-1.0,-0.0004078156053997084
2025-10-18 11:00:00+00:00,0.4036082546570495,-0.19278349068590095,-0.004465666165041515,-1.0,0.004465666165041515
2025-10-18 12:00:00+00:00,0.4120594739656199,-0.17588105206876015,0.002759370523430116,-1.0,-0.002759370523430116
2025-10-18 13:00:00+00:00,0.8015128396222018,0.6030256792444035,0.0059681251391094925,1.0,0.0059681251391094925
2025-10-18 14:00:00+00:00,0.5021027687244338,0.004205537448867647,0.005018104432357617,1.0,0.005018104432357617
2025-10-18 15:00:00+00:00,0.26765545690784553,-0.46468908618430893,0.001981485494906954,-1.0,-0.001981485494906954
2025-10-18 16:00:00+00:00,0.5523553400919121,0.10471068018382423,0.006794550899598573,1.0,0.006794550899598573
2025-10-18 17:00:00+00:00,0.2944419665832257,-0.4111160668335486,-0.002163395451730832,-1.0,0.002163395451730832
2025-10-18 18:00:00+00:00,0.6193592349881081,0.23871846997621615,-0.00010805470655428362,1.0,-0.00010805470655428362
2025-10-18 19:00:00+00:00,0.3352836708002704,-0.32943265839945923,-0.006172569839723918,-1.0,0.006172569839723918
2025-10-18 20:00:00+00:00,0.366688783194671,-0.26662243361065796,-0.0028067031280577526,-1.0,0.0028067031280577526
2025-10-18 21:00:00+00:00,0.34005967708147955,-0.3198806458370409,-0.0046996637220925175,-1.0,0.0046996637220925175
2025-10-18 22:00:00+00:00,0.7673634133104839,0.5347268266209677,0.005250269723272805,1.0,0.005250269723272805
2025-10-18 23:00:00+00:00,0.25359484510974717,-0.49281030978050566,0.003676830052746771,-1.0,-0.003676830052746771
2025-10-19 00:00:00+00:00,0.5189451373233812,0.03789027464676242,0.007051267133648231,1.0,0.007051267133648231
2025-10-19 01:00:00+00:00,0.4910356998913707,-0.017928600217258617,0.0017610634550928594,-1.0,-0.0017610634550928594
2025-10-19 02:00:00+00:00,0.7565549401636964,0.5131098803273928,0.003985679451148805,1.0,0.003985679451148805
2025-10-19 03:00:00+00:00,0.46244019923293744,-0.07511960153412511,-0.01081711065573776,-1.0,0.01081711065573776
2025-10-19 04:00:00+00:00,0.30298383004852797,-0.39403233990294406,0.002573837607253937,-1.0,-0.002573837607253937
2025-10-19 05:00:00+00:00,0.6239559399802014,0.24791187996040276,0.008914770480606737,1.0,0.008914770480606737
2025-10-19 06:00:00+00:00,0.4454446189394273,-0.10911076212114545,0.011065916050604585,-1.0,-0.011065916050604585
2025-10-19 07:00:00+00:00,0.3258346926851761,-0.34833061462964776,0.009056316394762787,-1.0,-0.009056316394762787
2025-10-19 08:00:00+00:00,0.6430522655259528,0.2861045310519057,0.028155483107487056,1.0,0.028155483107487056
2025-10-19 09:00:00+00:00,0.7698294370456026,0.5396588740912052,0.019694029144708303,1.0,0.019694029144708303
2025-10-19 10:00:00+00:00,0.38480691687882046,-0.23038616624235908,0.01221057775017953,-1.0,-0.01221057775017953
2025-10-19 11:00:00+00:00,0.5517039919297448,0.10340798385948968,0.014595618510048647,1.0,0.014595618510048647
2025-10-19 12:00:00+00:00,0.3953784637905306,-0.2092430724189388,0.01782513468927771,-1.0,-0.01782513468927771
2025-10-19 13:00:00+00:00,0.859959442737924,0.719918885475848,0.007429794736179218,1.0,0.007429794736179218
2025-10-19 14:00:00+00:00,0.5218954304524036,0.043790860904807216,-0.0008726506764296094,1.0,-0.0008726506764296094
2025-10-19 15:00:00+00:00,0.6535402657113113,0.3070805314226226,0.005536335659834579,1.0,0.005536335659834579
2025-10-19 16:00:00+00:00,0.5933082942877403,0.1866165885754807,0.004146082831196551,1.0,0.004146082831196551
2025-10-19 17:00:00+00:00,0.6305397336646188,0.2610794673292376,0.006676018938350126,1.0,0.006676018938350126
2025-10-19 18:00:00+00:00,0.34969444683930745,-0.3006111063213851,-0.0047999999999999154,-1.0,0.0047999999999999154
2025-10-19 19:00:00+00:00,0.26420139045723456,-0.47159721908553087,-0.011166131659459233,-1.0,0.011166131659459233
2025-10-19 20:00:00+00:00,0.12126049514489756,-0.7574790097102049,-0.015754942016012574,-1.0,0.015754942016012574
2025-10-19 21:00:00+00:00,0.12511135568083137,-0.7497772886383373,-0.01029988789237668,-1.0,0.01029988789237668
2025-10-19 22:00:00+00:00,0.24517530846211716,-0.5096493830757657,0.001717037239800323,-1.0,-0.001717037239800323
2025-10-19 23:00:00+00:00,0.5721997577479128,0.14439951549582553,0.01795618971061086,1.0,0.01795618971061086
2025-10-20 00:00:00+00:00,0.2564746403644531,-0.4870507192710938,0.030226808938343286,-1.0,-0.030226808938343286
2025-10-20 01:00:00+00:00,0.2497388581629574,-0.5005222836740852,0.03455975937221356,-1.0,-0.03455975937221356
2025-10-20 02:00:00+00:00,0.2576651152954293,-0.4846697694091414,0.024831858407079688,-1.0,-0.024831858407079688
2025-10-20 03:00:00+00:00,0.5513020410465017,0.10260408209300342,0.004508812679327789,1.0,0.004508812679327789
2025-10-20 04:00:00+00:00,0.42505120371727284,-0.14989759256545432,-0.002196294431776713,-1.0,0.002196294431776713
2025-10-20 05:00:00+00:00,0.5611762293094851,0.12235245861897015,-0.008470129121427306,1.0,-0.008470129121427306
2025-10-20 06:00:00+00:00,0.6920777838366643,0.3841555676733286,-0.009623294314668684,1.0,-0.009623294314668684
2025-10-20 07:00:00+00:00,0.31337491269856615,-0.3732501746028677,-0.004246017354146425,-1.0,0.004246017354146425
2025-10-20 08:00:00+00:00,0.340829504723793,-0.31834099055241405,-0.0014442575922444245,-1.0,0.0014442575922444245
2025-10-20 09:00:00+00:00,0.2104210945570451,-0.5791578108859098,-0.0015358437742680753,-1.0,0.0015358437742680753
2025-10-20 10:00:00+00:00,0.22097545858937243,-0.5580490828212552,-0.005578207966525861,-1.0,0.005578207966525861
2025-10-20 11:00:00+00:00,0.12733806489858537,-0.7453238702028293,-0.021161751652525762,-1.0,0.021161751652525762
2025-10-20 12:00:00+00:00,0.11324479784243668,-0.7735104043151266,-0.021484142715559984,-1.0,0.021484142715559984
2025-10-20 13:00:00+00:00,0.15718110082871053,-0.685637798342579,-0.016273874623553675,-1.0,0.016273874623553675
2025-10-20 14:00:00+00:00,0.13541715120996164,-0.7291656975800767,-0.014438331801732374,-1.0,0.014438331801732374
2025-10-20 15:00:00+00:00,0.2752596613399198,-0.4494806773201604,-0.0014417286751587932,-1.0,0.0014417286751587932
2025-10-20 16:00:00+00:00,0.23261081331243477,-0.5347783733751305,0.00679606977940006,-1.0,-0.00679606977940006
2025-10-20 17:00:00+00:00,0.7418249954153281,0.4836499908306562,0.009578936973481333,1.0,0.009578936973481333
2025-10-20 18:00:00+00:00,0.895100804222874,0.7902016084457479,0.0013645346861190788,1.0,0.0013645346861190788
2025-10-20 19:00:00+00:00,0.30595066668067017,-0.38809866663865966,-0.002186544957375025,-1.0,0.002186544957375025
2025-10-20 20:00:00+00:00,0.38875036060664897,-0.22249927878670206,-0.012561399470018997,-1.0,0.012561399470018997
2025-10-20 21:00:00+00:00,0.39697076608151777,-0.20605846783696447,-0.011226004478325335,-1.0,0.011226004478325335
2025-10-20 22:00:00+00:00,0.1980564989229456,-0.6038870021541087,-0.01659343084732834,-1.0,0.01659343084732834
2025-10-20 23:00:00+00:00,0.5671177830785133,0.1342355661570267,-0.032166175986242385,1.0,-0.032166175986242385
2025-10-21 00:00:00+00:00,0.5638241416838609,0.12764828336772172,-0.027207834405492903,1.0,-0.027207834405492903
2025-10-21 01:00:00+00:00,0.35633279409761287,-0.28733441180477426,-0.015498572033135871,-1.0,0.015498572033135871
2025-10-21 02:00:00+00:00,0.557771042515071,0.11554208503014207,-0.010177909864430235,1.0,-0.010177909864430235
2025-10-21 03:00:00+00:00,0.7572827531776165,0.514565506355233,-0.013950665143230179,1.0,-0.013950665143230179
2025-10-21 04:00:00+00:00,0.510505225306141,0.021010450612281906,0.0034757489875385517,1.0,0.0034757489875385517
2025-10-21 05:00:00+00:00,0.1328043706003917,-0.7343912587992165,0.005261304554964097,-1.0,-0.005261304554964097
2025-10-21 06:00:00+00:00,0.6643347373762071,0.32866947475241415,0.0008442706711178083,1.0,0.0008442706711178083
2025-10-21 07:00:00+00:00,0.3027174568841137,-0.39456508623177255,-0.002742874182536159,-1.0,0.002742874182536159
2025-10-21 08:00:00+00:00,0.23710223999974644,-0.5257955200005071,-0.00038797183841743355,-1.0,0.00038797183841743355
2025-10-21 09:00:00+00:00,0.40191402384543534,-0.19617195230912932,0.04045136956336037,-1.0,-0.04045136956336037
2025-10-21 10:00:00+00:00,0.44356510921650655,-0.1128697815669869,0.050864395953102104,-1.0,-0.050864395953102104
2025-10-21 11:00:00+00:00,0.39093813924406307,-0.21812372151187387,0.03607755594361528,-1.0,-0.03607755594361528
2025-10-21 12:00:00+00:00,0.4461930501707894,-0.10761389965842116,0.03442791558510194,-1.0,-0.03442791558510194
2025-10-21 13:00:00+00:00,0.5468804091768933,0.09376081835378658,0.038098096647657176,1.0,0.038098096647657176
2025-10-21 14:00:00+00:00,0.813291885870728,0.626583771741456,-0.006165452070949984,1.0,-0.006165452070949984
2025-10-21 15:00:00+00:00,0.61006257645059,0.22012515290118007,-0.031375307601055,1.0,-0.031375307601055
2025-10-21 16:00:00+00:00,0.771355611796135,0.54271122359227,-0.021062064206405884,1.0,-0.021062064206405884
2025-10-21 17:00:00+00:00,0.7711209523984259,0.5422419047968519,-0.028265847987899217,1.0,-0.028265847987899217
2025-10-21 18:00:00+00:00,0.7975354586709855,0.595070917341971,-0.03519441674975066,1.0,-0.03519441674975066
2025-10-21 19:00:00+00:00,0.6363615390266208,0.2727230780532417,-0.0386216668878101,1.0,-0.0386216668878101
2025-10-21 20:00:00+00:00,0.7887896835454812,0.5775793670909624,-0.021240147269069642,1.0,-0.021240147269069642
2025-10-21 21:00:00+00:00,0.6622170588749334,0.32443411774986686,-0.021261651435700246,1.0,-0.021261651435700246
2025-10-21 22:00:00+00:00,0.7551537448320416,0.5103074896640831,-0.0107371638706103,1.0,-0.0107371638706103
2025-10-21 23:00:00+00:00,0.8685438690302242,0.7370877380604484,0.0015759016224035083,1.0,0.0015759016224035083
2025-10-22 00:00:00+00:00,0.9444455622548501,0.8888911245097002,0.004781100590606657,1.0,0.004781100590606657
2025-10-22 01:00:00+00:00,0.8573518086473413,0.7147036172946826,-0.00440795137551353,1.0,-0.00440795137551353
2025-10-22 02:00:00+00:00,0.8620279740574727,0.7240559481149453,0.001927526056576978,1.0,0.001927526056576978
2025-10-22 03:00:00+00:00,0.7854477377882861,0.5708954755765723,-0.0013505561647315645,1.0,-0.0013505561647315645
2025-10-22 04:00:00+00:00,0.6474927661886594,0.2949855323773187,-0.010707008176636057,1.0,-0.010707008176636057
2025-10-22 05:00:00+00:00,0.6896095856618303,0.37921917132366056,-0.010208683212042047,1.0,-0.010208683212042047
2025-10-22 06:00:00+00:00,0.551844105606533,0.10368821121306593,-0.006219228452126191,1.0,-0.006219228452126191
2025-10-22 07:00:00+00:00,0.5727819525966813,0.1455639051933626,-0.005841269512917302,1.0,-0.005841269512917302
2025-10-22 08:00:00+00:00,0.76786392582769,0.5357278516553801,0.004757998785191786,1.0,0.004757998785191786
2025-10-22 09:00:00+00:00,0.48941117299267095,-0.0211776540146581,0.004247286455875354,-1.0,-0.004247286455875354
2025-10-22 10:00:00+00:00,0.8512836431605064,0.7025672863210128,0.005331112909096047,1.0,0.005331112909096047
2025-10-22 11:00:00+00:00,0.677731776992737,0.355463553985474,0.0016383547469172033,1.0,0.0016383547469172033
2025-10-22 12:00:00+00:00,0.7436393032881413,0.48727860657628264,-0.010193200024969151,1.0,-0.010193200024969151
2025-10-22 13:00:00+00:00,0.675509540918281,0.35101908183656194,-0.018042828466540484,1.0,-0.018042828466540484
2025-10-22 14:00:00+00:00,0.6159247667731829,0.23184953354636573,-0.012755472936484824,1.0,-0.012755472936484824
2025-10-22 15:00:00+00:00,0.7459286779261554,0.4918573558523107,-0.015741838023675125,1.0,-0.015741838023675125
2025-10-22 16:00:00+00:00,0.6901561903081979,0.3803123806163957,-0.023687286083980297,1.0,-0.023687286083980297
2025-10-22 17:00:00+00:00,0.9065410986170391,0.8130821972340783,-0.014573528522965229,1.0,-0.014573528522965229
2025-10-22 18:00:00+00:00,0.9026536740093101,0.8053073480186201,0.0007208724134757372,1.0,0.0007208724134757372
2025-10-22 19:00:00+00:00,0.7623736927107466,0.5247473854214932,0.0028033819410657745,1.0,0.0028033819410657745
2025-10-22 20:00:00+00:00,0.9364293890019982,0.8728587780039965,0.010680045832109464,1.0,0.010680045832109464
2025-10-22 21:00:00+00:00,0.8770752896804699,0.7541505793609398,0.021779675509287832,1.0,0.021779675509287832
2025-10-22 22:00:00+00:00,0.8811878983254215,0.7623757966508431,0.019951627569618546,1.0,0.019951627569618546
2025-10-22 23:00:00+00:00,0.4171013887246986,-0.1657972225506028,0.00788707807418576,-1.0,-0.00788707807418576
2025-10-23 00:00:00+00:00,0.31823616681770156,-0.3635276663645969,0.008599054340044265,-1.0,-0.008599054340044265
2025-10-23 01:00:00+00:00,0.16042120198349547,-0.6791575960330091,0.01840617693493951,-1.0,-0.01840617693493951
2025-10-23 02:00:00+00:00,0.3604994625154596,-0.2790010749690808,0.014382882800425767,-1.0,-0.014382882800425767
2025-10-23 03:00:00+00:00,0.28393331912251035,-0.4321333617549793,0.015712870174044102,-1.0,-0.015712870174044102
2025-10-23 04:00:00+00:00,0.5202375081201955,0.04047501624039107,0.014375184221989912,1.0,0.014375184221989912
2025-10-23 05:00:00+00:00,0.4321637384259303,-0.13567252314813938,0.00770410816432654,-1.0,-0.00770410816432654
2025-10-23 06:00:00+00:00,0.36177571422307875,-0.2764485715538425,-0.00715741952402138,-1.0,0.00715741952402138
2025-10-23 07:00:00+00:00,0.600351061800299,0.20070212360059791,-0.007022446564698526,1.0,-0.007022446564698526
2025-10-23 08:00:00+00:00,0.25607387275358506,-0.4878522544928299,-0.009006458189081523,-1.0,0.009006458189081523
2025-10-23 09:00:00+00:00,0.4373054880788663,-0.12538902384226736,-0.011008537337996449,-1.0,0.011008537337996449
2025-10-23 10:00:00+00:00,0.7587716324417851,0.5175432648835703,-0.00019093669932379598,1.0,-0.00019093669932379598
2025-10-23 11:00:00+00:00,0.7416039703322004,0.48320794066440076,0.01406587032572637,1.0,0.01406587032572637
2025-10-23 12:00:00+00:00,0.5061593569591594,0.012318713918318736,0.017615369637177913,1.0,0.017615369637177913
2025-10-23 13:00:00+00:00,0.5353984761790062,0.07079695235801231,0.004763636363636303,1.0,0.004763636363636303
2025-10-23 14:00:00+00:00,0.5946756911961212,0.18935138239224236,0.003070730813132805,1.0,0.003070730813132805
2025-10-23 15:00:00+00:00,0.3616519436555803,-0.2766961126888394,-0.012276477525813512,-1.0,0.012276477525813512
2025-10-23 16:00:00+00:00,0.4798645490487304,-0.040270901902539236,-0.02290259566155539,-1.0,0.02290259566155539
2025-10-23 17:00:00+00:00,0.2167989166292469,-0.5664021667415062,-0.01816256760893975,-1.0,0.01816256760893975
2025-10-23 18:00:00+00:00,0.5976160201990198,0.19523204039803965,-0.0035157199212065837,1.0,-0.0035157199212065837
2025-10-23 19:00:00+00:00,0.6182775477617127,0.23655509552342546,0.002052983565762778,1.0,0.002052983565762778
2025-10-23 20:00:00+00:00,0.43590447438891544,-0.12819105122216912,0.01359436890565724,-1.0,-0.01359436890565724
2025-10-23 21:00:00+00:00,0.6954581506505604,0.39091630130112076,0.01584231901026012,1.0,0.01584231901026012
2025-10-23 22:00:00+00:00,0.43385775581443475,-0.1322844883711305,0.010562803859256231,-1.0,-0.010562803859256231
2025-10-23 23:00:00+00:00,0.18456591876040276,-0.6308681624791945,0.030627227776711452,-1.0,-0.030627227776711452
2025-10-24 00:00:00+00:00,0.4452951415239018,-0.10940971695219637,0.02767401674202996,-1.0,-0.02767401674202996
2025-10-24 01:00:00+00:00,0.4978979466561095,-0.00420410668778104,0.026171910242695384,-1.0,-0.026171910242695384
2025-10-24 02:00:00+00:00,0.3712973969371206,-0.2574052061257588,0.01555151939244892,-1.0,-0.01555151939244892
2025-10-24 03:00:00+00:00,0.25994046302541796,-0.4801190739491641,0.015983296734943586,-1.0,-0.015983296734943586
2025-10-24 04:00:00+00:00,0.3539022676937196,-0.29219546461256085,-0.003929218687072078,-1.0,0.003929218687072078
2025-10-24 05:00:00+00:00,0.26336966929427735,-0.4732606614114453,-0.004457925340448532,-1.0,0.004457925340448532
2025-10-24 06:00:00+00:00,0.27808863769114234,-0.4438227246177153,-0.009073370712003315,-1.0,0.009073370712003315
2025-10-24 07:00:00+00:00,0.39529733262003064,-0.20940533475993872,0.003751713096543874,-1.0,-0.003751713096543874
2025-10-24 08:00:00+00:00,0.3363767332763356,-0.3272465334473288,-0.001571666472633626,-1.0,0.001571666472633626
2025-10-24 09:00:00+00:00,0.25386105609828075,-0.4922778878034385,-0.014244956648530871,-1.0,0.014244956648530871
2025-10-24 10:00:00+00:00,0.24298297058983664,-0.5140340588203267,-0.01710244526534832,-1.0,0.01710244526534832
2025-10-24 11:00:00+00:00,0.29854872128807475,-0.4029025574238505,-0.014274632677273247,-1.0,0.014274632677273247
2025-10-24 12:00:00+00:00,0.6188996288205356,0.23779925764107124,-0.01921591786671517,1.0,-0.01921591786671517
2025-10-24 13:00:00+00:00,0.3725237757592665,-0.25495244848146703,-0.00898096582771657,-1.0,0.00898096582771657
2025-10-24 14:00:00+00:00,0.49877756092366626,-0.0024448781526674734,0.006121789777533859,-1.0,-0.006121789777533859
2025-10-24 15:00:00+00:00,0.5510876620003679,0.1021753240007357,0.012764479658379013,1.0,0.012764479658379013
2025-10-24 16:00:00+00:00,0.31990187865956304,-0.3601962426808739,0.013650683434273336,-1.0,-0.013650683434273336
2025-10-24 17:00:00+00:00,0.23733120368713365,-0.5253375926257327,0.012371982913900625,-1.0,-0.012371982913900625
2025-10-24 18:00:00+00:00,0.3682151616784108,-0.26356967664317843,0.005990413292476404,-1.0,-0.005990413292476404
2025-10-24 19:00:00+00:00,0.34973097649208623,-0.30053804701582754,-0.0020740438759649926,-1.0,0.0020740438759649926
2025-10-24 20:00:00+00:00,0.12414849522725424,-0.7517030095454915,-0.0014935343678005308,-1.0,0.0014935343678005308
2025-10-24 21:00:00+00:00,0.452574354746757,-0.094851290506486,-0.002493955392956604,-1.0,0.002493955392956604
2025-10-24 22:00:00+00:00,0.21743141876419636,-0.5651371624716073,-0.0038838110149761462,-1.0,0.0038838110149761462
2025-10-24 23:00:00+00:00,0.302224066364693,-0.395551867270614,-0.0030689041444190712,-1.0,0.0030689041444190712
2025-10-25 00:00:00+00:00,0.5518863432744008,0.10377268654880156,0.0032120023694262034,1.0,0.0032120023694262034
2025-10-25 01:00:00+00:00,0.5175387022035856,0.03507740440717111,-0.001101475672141805,1.0,-0.001101475672141805
2025-10-25 02:00:00+00:00,0.6817607568782236,0.36352151375644715,-0.001141999643919922,1.0,-0.001141999643919922
2025-10-25 03:00:00+00:00,0.4591378893643672,-0.08172422127126555,0.008333758611890785,-1.0,-0.008333758611890785
2025-10-25 04:00:00+00:00,0.4440744560874752,-0.1118510878250496,0.0050268686255556805,-1.0,-0.0050268686255556805
2025-10-25 05:00:00+00:00,0.4931302168666591,-0.013739566266681824,0.0028657670635305887,-1.0,-0.0028657670635305887
2025-10-25 06:00:00+00:00,0.555924127451048,0.11184825490209604,0.00287259725575284,1.0,0.00287259725575284
2025-10-25 07:00:00+00:00,0.4195737411526781,-0.16085251769464382,0.006101023372826919,-1.0,-0.006101023372826919
2025-10-25 08:00:00+00:00,0.3839516127543051,-0.23209677449138977,-0.002649519442462056,-1.0,0.002649519442462056
2025-10-25 09:00:00+00:00,0.24952453211714534,-0.5009509357657094,-0.000921170165252283,-1.0,0.000921170165252283
2025-10-25 10:00:00+00:00,0.6063885701281524,0.2127771402563048,-0.002223124555882694,1.0,-0.002223124555882694
2025-10-25 11:00:00+00:00,0.7067482853138091,0.41349657062761813,-0.0016962753044661438,1.0,-0.0016962753044661438
2025-10-25 12:00:00+00:00,0.7464961161595005,0.492992232319001,-0.00465937937370442,1.0,-0.00465937937370442
2025-10-25 13:00:00+00:00,0.7397418715897268,0.47948374317945364,0.004232224277439078,1.0,0.004232224277439078
2025-10-25 14:00:00+00:00,0.673558322807802,0.34711664561560407,0.0047320174447105234,1.0,0.0047320174447105234
2025-10-25 15:00:00+00:00,0.6233810487692691,0.24676209753853828,0.002950422724359303,1.0,0.002950422724359303
2025-10-25 16:00:00+00:00,0.6609693066112042,0.32193861322240847,0.005100016279353747,1.0,0.005100016279353747
2025-10-25 17:00:00+00:00,0.5904144682131908,0.18082893642638154,0.006890834935261658,1.0,0.006890834935261658
2025-10-25 18:00:00+00:00,0.7322907548745118,0.46458150974902357,-0.0015437596484977334,1.0,-0.0015437596484977334
2025-10-25 19:00:00+00:00,0.877882598260443,0.755765196520886,-0.0018909708669140324,1.0,-0.0018909708669140324
2025-10-25 20:00:00+00:00,0.8229895402625159,0.6459790805250318,-0.0031370142319513405,1.0,-0.0031370142319513405
2025-10-25 21:00:00+00:00,0.8242157435788044,0.6484314871576089,-0.005787807390273292,1.0,-0.005787807390273292
2025-10-25 22:00:00+00:00,0.765568149464369,0.531136298928738,-0.007540670629769819,1.0,-0.007540670629769819
2025-10-25 23:00:00+00:00,0.677526969546418,0.355053939092836,-0.003502236977954154,1.0,-0.003502236977954154
2025-10-26 00:00:00+00:00,0.744932247288739,0.48986449457747794,-0.001983202301831688,1.0,-0.001983202301831688
2025-10-26 01:00:00+00:00,0.8028409956860467,0.6056819913720934,0.0029917041265674627,1.0,0.0029917041265674627
2025-10-26 02:00:00+00:00,0.5523183320539979,0.10463666410799588,0.005381133958162643,1.0,0.005381133958162643
2025-10-26 03:00:00+00:00,0.44183955081674114,-0.11632089836651771,0.00709414758269733,-1.0,-0.00709414758269733
2025-10-26 04:00:00+00:00,0.6535163744085501,0.3070327488171003,0.01228567365512756,1.0,0.01228567365512756
2025-10-26 05:00:00+00:00,0.6792513617993157,0.35850272359863133,0.01050165849053264,1.0,0.01050165849053264
2025-10-26 06:00:00+00:00,0.9260235274572894,0.8520470549145789,0.025581908522990915,1.0,0.025581908522990915
2025-10-26 07:00:00+00:00,0.5169514336313271,0.033902867262654235,0.030683498409997734,1.0,0.030683498409997734
2025-10-26 08:00:00+00:00,0.45953294674669803,-0.08093410650660393,0.0312945314158084,-1.0,-0.0312945314158084
2025-10-26 09:00:00+00:00,0.5989482242879551,0.19789644857591027,0.019742618468253648,1.0,0.019742618468253648
2025-10-26 10:00:00+00:00,0.8699928080161997,0.7399856160323994,0.022927335240386704,1.0,0.022927335240386704
2025-10-26 11:00:00+00:00,0.39187699663005937,-0.21624600673988126,0.0025967666545483326,-1.0,-0.0025967666545483326
2025-10-26 12:00:00+00:00,0.49298436216686903,-0.014031275666261944,-0.003259745459815666,-1.0,0.003259745459815666
2025-10-26 13:00:00+00:00,0.5884988501200148,0.1769977002400296,-0.002758627448098072,1.0,-0.002758627448098072
2025-10-26 14:00:00+00:00,0.5901878640081023,0.1803757280162046,0.00023616236162360416,1.0,0.00023616236162360416
2025-10-26 15:00:00+00:00,0.19846119973120277,-0.6030776005375944,-0.0031352811195678454,-1.0,0.0031352811195678454
2025-10-26 16:00:00+00:00,0.7139474367390996,0.4278948734781991,0.0060754959928366326,1.0,0.0060754959928366326
2025-10-26 17:00:00+00:00,0.8677706116772764,0.7355412233545529,0.02496796135646684,1.0,0.02496796135646684
2025-10-26 18:00:00+00:00,0.5955807672408903,0.19116153448178053,0.021368487254574298,1.0,0.021368487254574298
2025-10-26 19:00:00+00:00,0.9452510780745482,0.8905021561490964,0.02525602809668559,1.0,0.02525602809668559
2025-10-26 20:00:00+00:00,0.6793612796663089,0.35872255933261776,0.03196370648953395,1.0,0.03196370648953395
2025-10-26 21:00:00+00:00,0.5876335555788171,0.17526711115763427,0.030561807670241636,1.0,0.030561807670241636
2025-10-26 22:00:00+00:00,0.3280669864297648,-0.34386602714047043,0.010558054874955092,-1.0,-0.010558054874955092
2025-10-26 23:00:00+00:00,0.19915331868483044,-0.6016933626303391,0.012945404165042973,-1.0,-0.012945404165042973
2025-10-27 00:00:00+00:00,0.245197237975998,-0.509605524048004,0.01495688052487032,-1.0,-0.01495688052487032
2025-10-27 01:00:00+00:00,0.30076232444762957,-0.39847535110474086,0.010326944327101684,-1.0,-0.010326944327101684
2025-10-27 02:00:00+00:00,0.41069526800036077,-0.17860946399927846,-0.0007803448267660329,-1.0,0.0007803448267660329
2025-10-27 03:00:00+00:00,0.48069267584923325,-0.038614648301533494,-0.008960650230083522,-1.0,0.008960650230083522
2025-10-27 04:00:00+00:00,0.23145381507687215,-0.5370923698462557,-0.012402404969510394,-1.0,0.012402404969510394
2025-10-27 05:00:00+00:00,0.3419673009846183,-0.3160653980307634,-0.015360434885369867,-1.0,0.015360434885369867
2025-10-27 06:00:00+00:00,0.5157169677932535,0.03143393558650698,-0.017119113311663603,1.0,-0.017119113311663603
2025-10-27 07:00:00+00:00,0.40569219114493643,-0.18861561771012714,-0.013333365079440718,-1.0,0.013333365079440718
2025-10-27 08:00:00+00:00,0.5195977942483574,0.039195588496714784,0.0025113080890049044,1.0,0.0025113080890049044
2025-10-27 09:00:00+00:00,0.5124788651984876,0.024957730396975242,-0.0027794808910689417,1.0,-0.0027794808910689417
2025-10-27 10:00:00+00:00,0.5675017172196662,0.1350034344393325,0.0011545819621170406,1.0,0.0011545819621170406
2025-10-27 11:00:00+00:00,0.3658194401194581,-0.2683611197610838,0.012341346997339242,-1.0,-0.012341346997339242
2025-10-27 12:00:00+00:00,0.6546800318057147,0.3093600636114293,0.018050236607713765,1.0,0.018050236607713765
2025-10-27 13:00:00+00:00,0.4726232639411162,-0.0547534721177676,0.008858564716137884,-1.0,-0.008858564716137884
2025-10-27 14:00:00+00:00,0.4231264975119713,-0.15374700497605742,0.010681158966025173,-1.0,-0.010681158966025173
2025-10-27 15:00:00+00:00,0.40965066987083604,-0.18069866025832793,-0.010676557607376957,-1.0,0.010676557607376957
2025-10-27 16:00:00+00:00,0.5563137330102428,0.11262746602048557,-0.02311403175567872,1.0,-0.02311403175567872
2025-10-27 17:00:00+00:00,0.46091805369414063,-0.07816389261171874,-0.023182002422495573,-1.0,0.023182002422495573
2025-10-27 18:00:00+00:00,0.5242980044958018,0.048596008991603545,-0.022385172137938114,1.0,-0.022385172137938114
2025-10-27 19:00:00+00:00,0.4180123554352542,-0.16397528912949155,-0.018605416778989303,-1.0,0.018605416778989303
2025-10-27 20:00:00+00:00,0.5937339188635457,0.1874678377270913,0.002176289112011176,1.0,0.002176289112011176
2025-10-27 21:00:00+00:00,0.7995215227221858,0.5990430454443716,-0.004986876640419968,1.0,-0.004986876640419968
2025-10-27 22:00:00+00:00,0.8253206635117746,0.6506413270235492,-0.006940079932249321,1.0,-0.006940079932249321
2025-10-27 23:00:00+00:00,0.7528250383434141,0.5056500766868282,-0.004929206397769947,1.0,-0.004929206397769947
2025-10-28 00:00:00+00:00,0.6531085707479506,0.3062171414959012,-0.011395789780738075,1.0,-0.011395789780738075
2025-10-28 01:00:00+00:00,0.14775915966018432,-0.7044816806796314,-0.005803732283502616,-1.0,0.005803732283502616
2025-10-28 02:00:00+00:00,0.2961591434021735,-0.40768171319565305,0.004943482126283483,-1.0,-0.004943482126283483
2025-10-28 03:00:00+00:00,0.3131087263016335,-0.373782547396733,0.007020347523085446,-1.0,-0.007020347523085446
2025-10-28 04:00:00+00:00,0.39129315151237903,-0.21741369697524193,0.0054587470503975055,-1.0,-0.0054587470503975055
2025-10-28 05:00:00+00:00,0.4724377911408918,-0.05512441771821641,0.012068100675695526,-1.0,-0.012068100675695526
2025-10-28 06:00:00+00:00,0.2994405612666811,-0.40111887746663777,-0.0002918806111008587,-1.0,0.0002918806111008587
2025-10-28 07:00:00+00:00,0.2869877261440239,-0.4260245477119522,0.0012881210931041664,-1.0,-0.0012881210931041664
2025-10-28 08:00:00+00:00,0.3021718819872606,-0.39565623602547884,0.008648134487712067,-1.0,-0.008648134487712067
2025-10-28 09:00:00+00:00,0.23787630577667868,-0.5242473884466426,-0.0008203126896063617,-1.0,0.0008203126896063617
2025-10-28 10:00:00+00:00,0.41811989237992725,-0.1637602152401455,-0.0050000000000000044,-1.0,0.0050000000000000044
2025-10-28 11:00:00+00:00,0.3808098756098064,-0.23838024878038722,0.005459761025968124,-1.0,-0.005459761025968124
2025-10-28 12:00:00+00:00,0.3360507981690759,-0.3278984036618482,0.004507478482069782,-1.0,-0.004507478482069782
2025-10-28 13:00:00+00:00,0.2101509549530479,-0.5796980900939042,-0.010337378150290233,-1.0,0.010337378150290233
2025-10-28 14:00:00+00:00,0.15943014352836513,-0.6811397129432697,-0.019351469516638353,-1.0,0.019351469516638353
2025-10-28 15:00:00+00:00,0.3189906745808955,-0.36201865083820906,-0.028912785501853278,-1.0,0.028912785501853278
2025-10-28 16:00:00+00:00,0.3288816687019667,-0.34223666259606655,-0.036834756600710006,-1.0,0.036834756600710006
2025-10-28 17:00:00+00:00,0.390816237978676,-0.21836752404264803,-0.03526492186574981,-1.0,0.03526492186574981
2025-10-28 18:00:00+00:00,0.18588675205225877,-0.6282264958954824,-0.03313975676930514,-1.0,0.03313975676930514
2025-10-28 19:00:00+00:00,0.3918252665894623,-0.21634946682107536,-0.016446512918190992,-1.0,0.016446512918190992
2025-10-28 20:00:00+00:00,0.7342340426585399,0.46846808531707973,0.0009026882004319337,1.0,0.0009026882004319337
2025-10-28 21:00:00+00:00,0.06047735662829185,-0.8790452867434163,0.005087568996228864,-1.0,-0.005087568996228864
2025-10-28 22:00:00+00:00,0.20623245839843177,-0.5875350832031365,0.0007689513957596095,-1.0,-0.0007689513957596095
2025-10-28 23:00:00+00:00,0.2536514240786277,-0.49269715184274465,0.008432517234617132,-1.0,-0.008432517234617132
2025-10-29 00:00:00+00:00,0.7387108934791653,0.4774217869583306,0.013490542517747839,1.0,0.013490542517747839
2025-10-29 01:00:00+00:00,0.33289638547539097,-0.33420722904921807,0.010556197558156954,-1.0,-0.010556197558156954
2025-10-29 02:00:00+00:00,0.490788249956673,-0.018423500086654054,0.0055167552380428475,-1.0,-0.0055167552380428475
2025-10-29 03:00:00+00:00,0.5689111355136935,0.1378222710273871,0.0025053059426558555,1.0,0.0025053059426558555
2025-10-29 04:00:00+00:00,0.2924408418507754,-0.4151183162984492,-0.0038593866866117876,-1.0,0.0038593866866117876
2025-10-29 05:00:00+00:00,0.3292121320292443,-0.34157573594151136,-0.009293079885700162,-1.0,0.009293079885700162
2025-10-29 06:00:00+00:00,0.38074909837543514,-0.23850180324912973,-0.0033833670592796627,-1.0,0.0033833670592796627
2025-10-29 07:00:00+00:00,0.5417256304856332,0.08345126097126632,-0.0021155418994136532,1.0,-0.0021155418994136532
2025-10-29 08:00:00+00:00,0.5767263629353705,0.153452725870741,-0.0031281752976510813,1.0,-0.0031281752976510813
2025-10-29 09:00:00+00:00,0.42266178982523334,-0.15467642034953333,-0.0020948462277751156,-1.0,0.0020948462277751156
2025-10-29 10:00:00+00:00,0.31440722878680794,-0.37118554242638413,-0.009179604223621185,-1.0,0.009179604223621185
2025-10-29 11:00:00+00:00,0.4543438737355351,-0.09131225252892983,-0.011953075696992554,-1.0,0.011953075696992554
2025-10-29 12:00:00+00:00,0.30031682632354545,-0.3993663473529091,-0.00024912184549463756,-1.0,0.00024912184549463756
2025-10-29 13:00:00+00:00,0.24624013617672408,-0.5075197276465518,-0.019441522664663147,-1.0,0.019441522664663147
2025-10-29 14:00:00+00:00,0.24020131852278007,-0.5195973629544399,-0.02130092923516802,-1.0,0.02130092923516802
2025-10-29 15:00:00+00:00,0.6396643902928647,0.2793287805857294,-0.00036451082141497615,1.0,-0.00036451082141497615
2025-10-29 16:00:00+00:00,0.416943047899925,-0.16611390420015004,-0.0018000095933190519,-1.0,0.0018000095933190519
2025-10-29 17:00:00+00:00,0.6594887256615649,0.3189774513231298,-0.018569185916124664,1.0,-0.018569185916124664
2025-10-29 18:00:00+00:00,0.5561733463781455,0.11234669275629106,-0.003721231965305938,1.0,-0.003721231965305938
2025-10-29 19:00:00+00:00,0.5971242411116957,0.19424848222339142,0.004738328438683714,1.0,0.004738328438683714
2025-10-29 20:00:00+00:00,0.6882386388350002,0.3764772776700005,-0.005879880275305949,1.0,-0.005879880275305949
2025-10-29 21:00:00+00:00,0.6844125019653516,0.3688250039307033,-0.0025215227265830142,1.0,-0.0025215227265830142
2025-10-29 22:00:00+00:00,0.5494613915208174,0.09892278304163482,-0.0016224121383848766,1.0,-0.0016224121383848766
2025-10-29 23:00:00+00:00,0.8560517725017693,0.7121035450035387,-0.007898379819524348,1.0,-0.007898379819524348
2025-10-30 00:00:00+00:00,0.36676381149423726,-0.2664723770115255,-0.0016757168982148851,-1.0,0.0016757168982148851
2025-10-30 01:00:00+00:00,0.39546977882448814,-0.20906044235102372,-0.0036399853279807104,-1.0,0.0036399853279807104
2025-10-30 02:00:00+00:00,0.2416420550525669,-0.5167158898948663,-0.0016328641806899746,-1.0,0.0016328641806899746
2025-10-30 03:00:00+00:00,0.4139120342609806,-0.17217593147803878,-0.0033645373188986305,-1.0,0.0033645373188986305
2025-10-30 04:00:00+00:00,0.600885538372522,0.20177107674504402,0.007385032002666714,1.0,0.007385032002666714
2025-10-30 05:00:00+00:00,0.3181817657558362,-0.36363646848832765,-0.005906789230839982,-1.0,0.005906789230839982
2025-10-30 06:00:00+00:00,0.7806950008840491,0.5613900017680982,-0.008249926499725113,1.0,-0.008249926499725113
2025-10-30 07:00:00+00:00,0.398775030210966,-0.202449939578068,-0.0308542113750937,-1.0,0.0308542113750937
2025-10-30 08:00:00+00:00,0.6061077974342339,0.21221559486846786,-0.03924510584440777,1.0,-0.03924510584440777
2025-10-30 09:00:00+00:00,0.5257962079086407,0.051592415817281356,-0.02561452019586674,1.0,-0.02561452019586674
2025-10-30 10:00:00+00:00,0.49134973882737615,-0.017300522345247704,-0.03079398204069883,-1.0,0.03079398204069883
2025-10-30 11:00:00+00:00,0.5575560795857858,0.11511215917157158,-0.025780557216803168,1.0,-0.025780557216803168
2025-10-30 12:00:00+00:00,0.9425242305453366,0.8850484610906733,-0.012290163152571032,1.0,-0.012290163152571032
2025-10-30 13:00:00+00:00,0.8215434050567166,0.6430868101134333,-0.012249147446589226,1.0,-0.012249147446589226
2025-10-30 14:00:00+00:00,0.754777236987941,0.5095544739758819,-0.03010232421006076,1.0,-0.03010232421006076
2025-10-30 15:00:00+00:00,0.8677739734585254,0.7355479469170507,-0.004505197284683904,1.0,-0.004505197284683904
2025-10-30 16:00:00+00:00,0.7334869147882853,0.46697382957657063,-0.0022120674098436988,1.0,-0.0022120674098436988
2025-10-30 17:00:00+00:00,0.8773039381870614,0.7546078763741229,0.003279245242971962,1.0,0.003279245242971962
2025-10-30 18:00:00+00:00,0.9745705992814139,0.9491411985628277,0.022484297022887567,1.0,0.022484297022887567
2025-10-30 19:00:00+00:00,0.8984070840435177,0.7968141680870353,0.03947496987265087,1.0,0.03947496987265087
2025-10-30 20:00:00+00:00,0.2239147817365345,-0.552170436526931,0.024180852962407462,-1.0,-0.024180852962407462
2025-10-30 21:00:00+00:00,0.5734685486757454,0.14693709735149074,0.012962388389009538,1.0,0.012962388389009538
2025-10-30 22:00:00+00:00,0.23572186057732472,-0.5285562788453506,0.01207979859950492,-1.0,-0.01207979859950492
2025-10-30 23:00:00+00:00,0.3904704689110142,-0.21905906217797155,0.015144661894568534,-1.0,-0.015144661894568534
2025-10-31 00:00:00+00:00,0.8287738676441407,0.6575477352882815,0.004778317405608634,1.0,0.004778317405608634
2025-10-31 01:00:00+00:00,0.5256276836703235,0.05125536734064706,-0.004161259197033029,1.0,-0.004161259197033029
2025-10-31 02:00:00+00:00,0.8741443132125497,0.7482886264250994,0.002489665662248397,1.0,0.002489665662248397
2025-10-31 03:00:00+00:00,0.678770888803684,0.35754177760736794,0.00599393812709037,1.0,0.00599393812709037
2025-10-31 04:00:00+00:00,0.8155286303029797,0.6310572606059595,-0.00434686872611878,1.0,-0.00434686872611878
2025-10-31 05:00:00+00:00,0.8757303055023612,0.7514606110047224,-0.0037576986045061433,1.0,-0.0037576986045061433
2025-10-31 06:00:00+00:00,0.6885226424240894,0.3770452848481789,0.011300630192296213,1.0,0.011300630192296213
2025-10-31 07:00:00+00:00,0.5738840936867241,0.1477681873734482,0.0013501162092286467,1.0,0.0013501162092286467
2025-10-31 08:00:00+00:00,0.5715326146449011,0.14306522928980225,0.0018362968619323183,1.0,0.0018362968619323183
2025-10-31 09:00:00+00:00,0.3407714634729411,-0.31845707305411775,0.005809854116202384,-1.0,-0.005809854116202384
2025-10-31 10:00:00+00:00,0.33438741573772257,-0.33122516852455486,0.0062421093269060535,-1.0,-0.0062421093269060535
2025-10-31 11:00:00+00:00,0.46167498468598595,-0.07665003062802811,-0.013333298900383816,-1.0,0.013333298900383816
2025-10-31 12:00:00+00:00,0.6339315311859042,0.26786306237180835,-0.002148928013519402,1.0,-0.002148928013519402
2025-10-31 13:00:00+00:00,0.4472552538588517,-0.10548949228229665,-0.001685155850990716,-1.0,0.001685155850990716
2025-10-31 14:00:00+00:00,0.2714694218162409,-0.4570611563675182,0.0048424646903615365,-1.0,-0.0048424646903615365
2025-10-31 15:00:00+00:00,0.3330362565896611,-0.33392748682067785,0.00019701521942572242,-1.0,-0.00019701521942572242
2025-10-31 16:00:00+00:00,0.9481698765473573,0.8963397530947146,0.010173714806196887,1.0,0.010173714806196887
2025-10-31 17:00:00+00:00,0.453554559793542,-0.09289088041291604,0.0070539408242578094,-1.0,-0.0070539408242578094
2025-10-31 18:00:00+00:00,0.6703621654194577,0.3407243308389154,-0.0012750895289439512,1.0,-0.0012750895289439512
2025-10-31 19:00:00+00:00,0.44752771401032376,-0.10494457197935247,-0.010008958635816079,-1.0,0.010008958635816079
2025-10-31 20:00:00+00:00,0.854795482387086,0.709590964774172,-0.004193524141273497,1.0,-0.004193524141273497
2025-10-31 21:00:00+00:00,0.23085560480908457,-0.5382887903818309,-0.0024329576369995776,-1.0,0.0024329576369995776
2025-10-31 22:00:00+00:00,0.38336072860313347,-0.23327854279373306,0.001564924919937205,-1.0,-0.001564924919937205
2025-10-31 23:00:00+00:00,0.47497014460838155,-0.0500597107832369,0.004735035623277373,-1.0,-0.004735035623277373
2025-11-01 00:00:00+00:00,0.7579872728094814,0.5159745456189628,0.001968462986654984,1.0,0.001968462986654984
2025-11-01 01:00:00+00:00,0.7094150062618654,0.41883001252373075,0.003797353044519225,1.0,0.003797353044519225
2025-11-01 02:00:00+00:00,0.5405764718221632,0.08115294364432635,0.002220715771757087,1.0,0.002220715771757087
2025-11-01 03:00:00+00:00,0.5032584473122804,0.006516894624560843,0.005296365874198461,1.0,0.005296365874198461
2025-11-01 04:00:00+00:00,0.6012069606427465,0.20241392128549296,0.0023654183089587555,1.0,0.0023654183089587555
2025-11-01 05:00:00+00:00,0.6465671975583918,0.2931343951167835,0.005600525276328039,1.0,0.005600525276328039
2025-11-01 06:00:00+00:00,0.055281484347112164,-0.8894370313057757,0.004960147689499372,-1.0,-0.004960147689499372
2025-11-01 07:00:00+00:00,0.46558228100778987,-0.06883543798442027,0.004048037401584992,-1.0,-0.004048037401584992
2025-11-01 08:00:00+00:00,0.31235780928632273,-0.37528438142735454,-0.002904871265487663,-1.0,0.002904871265487663
2025-11-01 09:00:00+00:00,0.49316029096645647,-0.013679418067087057,-0.0005886681383370229,-1.0,0.0005886681383370229
2025-11-01 10:00:00+00:00,0.5822509633957959,0.1645019267915917,0.004562827920997048,1.0,0.004562827920997048
2025-11-01 11:00:00+00:00,0.4562625859282054,-0.0874748281435892,0.003645633109469637,-1.0,-0.003645633109469637
2025-11-01 12:00:00+00:00,0.12004335673391588,-0.7599132865321683,-0.002622422746936248,-1.0,0.002622422746936248
2025-11-01 13:00:00+00:00,0.5286034715955242,0.057206943191048465,0.0025204088490908827,1.0,0.0025204088490908827
2025-11-01 14:00:00+00:00,0.3703363372092077,-0.25932732558158456,0.0019530493144952477,-1.0,-0.0019530493144952477
2025-11-01 15:00:00+00:00,0.5770284509228544,0.15405690184570875,-0.0033346435553774922,1.0,-0.0033346435553774922
2025-11-01 16:00:00+00:00,0.3534430494525042,-0.2931139010949916,-0.0062776349614396265,-1.0,0.0062776349614396265
2025-11-01 17:00:00+00:00,0.5847317741346345,0.16946354826926902,0.002184197178141556,1.0,0.002184197178141556
2025-11-01 18:00:00+00:00,0.4902899066981668,-0.0194201866036664,-0.0016167419169350605,-1.0,0.0016167419169350605
2025-11-01 19:00:00+00:00,0.38603763547131564,-0.2279247290573687,-0.0035968162374980794,-1.0,0.0035968162374980794
2025-11-01 20:00:00+00:00,0.3206471627437489,-0.35870567451250224,-0.0024745520674108734,-1.0,0.0024745520674108734
2025-11-01 21:00:00+00:00,0.5946951013732338,0.18939020274646756,0.003303514608415714,1.0,0.003303514608415714
2025-11-01 22:00:00+00:00,0.23937438302371047,-0.521251233952579,0.0014899704588178242,-1.0,-0.0014899704588178242
2025-11-01 23:00:00+00:00,0.6475883586704163,0.2951767173408326,0.008863865285776873,1.0,0.008863865285776873
2025-11-02 00:00:00+00:00,0.5287735830357414,0.0575471660714828,0.009421707448350025,1.0,0.009421707448350025
2025-11-02 01:00:00+00:00,0.48861904595112393,-0.022761908097752137,0.007783166963402088,-1.0,-0.007783166963402088
2025-11-02 02:00:00+00:00,0.4917332935548457,-0.01653341289030863,0.006719352301880921,-1.0,-0.006719352301880921
2025-11-02 03:00:00+00:00,0.7097096396913924,0.4194192793827849,0.003792869611404903,1.0,0.003792869611404903
2025-11-02 04:00:00+00:00,0.7664001753182342,0.5328003506364685,-0.009013829226208303,1.0,-0.009013829226208303
2025-11-02 05:00:00+00:00,0.49692333692087404,-0.006153326158251926,-0.010018226609824876,-1.0,0.010018226609824876
2025-11-02 06:00:00+00:00,0.4655332209917735,-0.06893355801645296,-0.002953838579901169,-1.0,0.002953838579901169
2025-11-02 07:00:00+00:00,0.34583762691247016,-0.30832474617505967,-0.0074044477910875095,-1.0,0.0074044477910875095
2025-11-02 08:00:00+00:00,0.6114451495226498,0.22289029904529967,-0.006858393440601684,1.0,-0.006858393440601684
2025-11-02 09:00:00+00:00,0.8017145842487605,0.603429168497521,-0.005104610941330634,1.0,-0.005104610941330634
2025-11-02 10:00:00+00:00,0.7767064210816226,0.5534128421632452,-0.002659374749146126,1.0,-0.002659374749146126
2025-11-02 11:00:00+00:00,0.8101142646086872,0.6202285292173744,-0.006634966272254683,1.0,-0.006634966272254683
2025-11-02 12:00:00+00:00,0.5658968981224496,0.13179379624489918,-0.004580054186556604,1.0,-0.004580054186556604
2025-11-02 13:00:00+00:00,0.6972859953966697,0.3945719907933394,-0.0011276814765385224,1.0,-0.0011276814765385224
2025-11-02 14:00:00+00:00,0.9233265805347362,0.8466531610694723,0.0008205128205127643,1.0,0.0008205128205127643
2025-11-02 15:00:00+00:00,0.9356416500507417,0.8712833001014835,0.001425403864428354,1.0,0.001425403864428354
2025-11-02 16:00:00+00:00,0.8930514543471472,0.7861029086942943,-0.0008336159515778263,1.0,-0.0008336159515778263
2025-11-02 17:00:00+00:00,0.9433847949127475,0.886769589825495,-0.0011457455770851332,1.0,-0.0011457455770851332
2025-11-02 18:00:00+00:00,0.906123303424917,0.812246606849834,0.010984003024355316,1.0,0.010984003024355316
2025-11-02 19:00:00+00:00,0.9039628078006959,0.8079256156013919,0.0021663497137045518,1.0,0.0021663497137045518
2025-11-02 20:00:00+00:00,0.9077016103864078,0.8154032207728157,-0.005566459166768234,1.0,-0.005566459166768234
2025-11-02 21:00:00+00:00,0.8835203731704937,0.7670407463409874,-0.015968513811481788,1.0,-0.015968513811481788
2025-11-02 22:00:00+00:00,0.9083594616046238,0.8167189232092475,-0.03069293312537469,1.0,-0.03069293312537469
2025-11-02 23:00:00+00:00,0.9042701801108145,0.808540360221629,-0.04092306116176625,1.0,-0.04092306116176625
2025-11-03 00:00:00+00:00,0.8136222790351197,0.6272445580702395,-0.034281187544657254,1.0,-0.034281187544657254
2025-11-03 01:00:00+00:00,0.615576415063038,0.2311528301260759,-0.030939419537173163,1.0,-0.030939419537173163
2025-11-03 02:00:00+00:00,0.6544044967036583,0.3088089934073166,-0.022525962125840016,1.0,-0.022525962125840016
2025-11-03 03:00:00+00:00,0.689343778189542,0.3786875563790839,-0.005333247658672158,1.0,-0.005333247658672158
2025-11-03 04:00:00+00:00,0.013761423182123618,-0.9724771536357527,-0.011376321228856345,-1.0,0.011376321228856345
2025-11-03 05:00:00+00:00,0.22517933830905892,-0.5496413233818822,-0.015025440040318139,-1.0,0.015025440040318139
2025-11-03 06:00:00+00:00,0.6298833584653286,0.2597667169306572,-0.0019666979652344097,1.0,-0.0019666979652344097
2025-11-03 07:00:00+00:00,0.20688511157583644,-0.5862297768483271,-0.0013145524730018288,-1.0,0.0013145524730018288
2025-11-03 08:00:00+00:00,0.19592192025587038,-0.6081561594882592,0.0007482894318922018,-1.0,-0.0007482894318922018
2025-11-03 09:00:00+00:00,0.3117716289928748,-0.3764567420142504,0.008165812178216214,-1.0,-0.008165812178216214
2025-11-03 10:00:00+00:00,0.1586245880087345,-0.6827508239825311,-0.023672600692922985,-1.0,0.023672600692922985
2025-11-03 11:00:00+00:00,0.1571291377544296,-0.6857417244911408,-0.024940828880897548,-1.0,0.024940828880897548
2025-11-03 12:00:00+00:00,0.0760815138266794,-0.8478369723466412,-0.011598393487636915,-1.0,0.011598393487636915
2025-11-03 13:00:00+00:00,0.12398170373820788,-0.7520365925235842,-0.023615354822051127,-1.0,0.023615354822051127
2025-11-03 14:00:00+00:00,0.054513340275954975,-0.89097331944809,-0.02751423404112807,-1.0,0.02751423404112807
2025-11-03 15:00:00+00:00,0.630486917460449,0.2609738349208981,-0.00017840666125867877,1.0,-0.00017840666125867877
2025-11-03 16:00:00+00:00,0.4759206508038792,-0.04815869839224163,-0.0046971850066075405,-1.0,0.0046971850066075405
2025-11-03 17:00:00+00:00,0.5125999340703675,0.02519986814073505,-0.02077005575249491,1.0,-0.02077005575249491
2025-11-03 18:00:00+00:00,0.9932202853262926,0.9864405706525852,-0.00778762134585087,1.0,-0.00778762134585087
2025-11-03 19:00:00+00:00,0.9655098748765603,0.9310197497531205,-0.003724969417780666,1.0,-0.003724969417780666
2025-11-03 20:00:00+00:00,0.9806300518730214,0.9612601037460429,0.015471175212662391,1.0,0.015471175212662391
2025-11-03 21:00:00+00:00,0.7127364591082614,0.4254729182165229,0.006616538011760875,1.0,0.006616538011760875
2025-11-03 22:00:00+00:00,0.9489294452099489,0.8978588904198979,0.014407936906055685,1.0,0.014407936906055685
2025-11-03 23:00:00+00:00,0.622722134762113,0.24544426952422604,0.0059747074420088975,1.0,0.0059747074420088975
2025-11-04 00:00:00+00:00,0.6109579806225981,0.2219159612451962,-0.03468988174909571,1.0,-0.03468988174909571
2025-11-04 01:00:00+00:00,0.35989404119909946,-0.2802119176018011,-0.03625046675599086,-1.0,0.03625046675599086
2025-11-04 02:00:00+00:00,0.4334983698951631,-0.1330032602096738,-0.03620142995510356,-1.0,0.03620142995510356
2025-11-04 03:00:00+00:00,0.18049529120208224,-0.6390094175958355,-0.039953296703296615,-1.0,0.039953296703296615
2025-11-04 04:00:00+00:00,0.6092856471221022,0.2185712942442044,-0.03656264748010829,1.0,-0.03656264748010829
2025-11-04 05:00:00+00:00,0.09771169445381772,-0.8045766110923646,-0.001879333065948563,-1.0,0.001879333065948563
2025-11-04 06:00:00+00:00,0.2035895676139983,-0.5928208647720035,0.004900103414973156,-1.0,-0.004900103414973156
2025-11-04 07:00:00+00:00,0.575939462726285,0.1518789254525701,0.004792853666218289,1.0,0.004792853666218289
2025-11-04 08:00:00+00:00,0.38647294253161835,-0.2270541149367633,0.0031534638024135475,-1.0,-0.0031534638024135475
2025-11-04 09:00:00+00:00,0.7861748889161249,0.5723497778322497,0.01804410909538845,1.0,0.01804410909538845
2025-11-04 10:00:00+00:00,0.617314468766626,0.23462893753325198,0.0064149665331052486,1.0,0.0064149665331052486
2025-11-04 11:00:00+00:00,0.38335431335577147,-0.23329137328845706,-0.02802686451225156,-1.0,0.02802686451225156
2025-11-04 12:00:00+00:00,0.8242754396736334,0.6485508793472667,-0.03923702926962713,1.0,-0.03923702926962713
2025-11-04 13:00:00+00:00,0.8626328881107631,0.7252657762215262,-0.058358222153760075,1.0,-0.058358222153760075
2025-11-04 14:00:00+00:00,0.9296411735986402,0.8592823471972804,-0.09138181367969667,1.0,-0.09138181367969667
2025-11-04 15:00:00+00:00,0.8770643417362568,0.7541286834725136,-0.08406081468404825,1.0,-0.08406081468404825
2025-11-04 16:00:00+00:00,0.8820500910950347,0.7641001821900695,-0.06282977538085499,1.0,-0.06282977538085499
2025-11-04 17:00:00+00:00,0.7647968878063341,0.5295937756126683,-0.037396121883656375,1.0,-0.037396121883656375
2025-11-04 18:00:00+00:00,0.4179551788376771,-0.16408964232464585,-0.004777325727580495,-1.0,0.004777325727580495
2025-11-04 19:00:00+00:00,0.40704719025878083,-0.18590561948243833,0.002979139827569144,-1.0,-0.002979139827569144
2025-11-04 20:00:00+00:00,0.4280630860093014,-0.14387382798139725,0.00944377327471324,-1.0,-0.00944377327471324
2025-11-04 21:00:00+00:00,0.11557913852238436,-0.7688417229552313,0.03422594038082094,-1.0,-0.03422594038082094
2025-11-04 22:00:00+00:00,0.13637115445685188,-0.7272576910862962,0.026909863971777526,-1.0,-0.026909863971777526
2025-11-04 23:00:00+00:00,0.374956214995677,-0.250087570008646,0.012894035138985238,-1.0,-0.012894035138985238
2025-11-05 00:00:00+00:00,0.8860449656023633,0.7720899312047267,0.02634357805813381,1.0,0.02634357805813381
2025-11-05 01:00:00+00:00,0.4988650649997886,-0.00226987000042278,0.02883123532913645,-1.0,-0.02883123532913645
2025-11-05 02:00:00+00:00,0.2896681856038966,-0.42066362879220676,0.0018537298790561874,-1.0,-0.0018537298790561874
2025-11-05 03:00:00+00:00,0.7456459116439478,0.49129182328789556,-0.010057035874695086,1.0,-0.010057035874695086
2025-11-05 04:00:00+00:00,0.270289693160492,-0.459420613679016,-0.006446087270104539,-1.0,0.006446087270104539
2025-11-05 05:00:00+00:00,0.6675627422041562,0.33512548440831247,-0.01474401785767998,1.0,-0.01474401785767998
2025-11-05 06:00:00+00:00,0.617639246325783,0.23527849265156608,-0.004317271484421847,1.0,-0.004317271484421847
2025-11-05 07:00:00+00:00,0.5937213498511261,0.18744269970225225,0.004145152424463561,1.0,0.004145152424463561
2025-11-05 08:00:00+00:00,0.6842488095582531,0.36849761911650614,0.017799828457297773,1.0,0.017799828457297773
2025-11-05 09:00:00+00:00,0.2173051373088641,-0.5653897253822717,0.012304341908261796,-1.0,-0.012304341908261796
2025-11-05 10:00:00+00:00,0.9395707862899353,0.8791415725798706,0.03681165173050793,1.0,0.03681165173050793
2025-11-05 11:00:00+00:00,0.6306486154670312,0.26129723093406243,0.03432057427793711,1.0,0.03432057427793711
2025-11-05 12:00:00+00:00,0.6519830749643676,0.30396614992873516,0.02693696361640341,1.0,0.02693696361640341
2025-11-05 13:00:00+00:00,0.8870286907591141,0.7740573815182281,0.030016080042880144,1.0,0.030016080042880144
2025-11-05 14:00:00+00:00,0.858177196488316,0.7163543929766321,0.03152236594030766,1.0,0.03152236594030766
2025-11-05 15:00:00+00:00,0.9641146786123431,0.9282293572246862,0.015531819025152993,1.0,0.015531819025152993
2025-11-05 16:00:00+00:00,0.9799378956941645,0.9598757913883289,0.001243078642919171,1.0,0.001243078642919171
2025-11-05 17:00:00+00:00,0.9171753245612132,0.8343506491224264,-0.0030468622561927727,1.0,-0.0030468622561927727
2025-11-05 18:00:00+00:00,0.8402879631278999,0.6805759262557998,-0.010546400693842162,1.0,-0.010546400693842162
2025-11-05 19:00:00+00:00,0.8755836784950685,0.7511673569901369,-0.013567648515640185,1.0,-0.013567648515640185
2025-11-05 20:00:00+00:00,0.9225237574775924,0.8450475149551848,-0.01302072005451882,1.0,-0.01302072005451882
2025-11-05 21:00:00+00:00,0.6753088694903685,0.350617738980737,-0.00567559002003315,1.0,-0.00567559002003315
2025-11-05 22:00:00+00:00,0.9134546338623716,0.8269092677247432,0.0024426017799439315,1.0,0.0024426017799439315
2025-11-05 23:00:00+00:00,0.7669136284111991,0.5338272568223983,0.008163575377207355,1.0,0.008163575377207355
2025-11-06 00:00:00+00:00,0.9711845365187163,0.9423690730374326,-0.005593908659253022,1.0,-0.005593908659253022
2025-11-06 01:00:00+00:00,0.89531132990185,0.7906226598037001,-0.005876390133541021,1.0,-0.005876390133541021
2025-11-06 02:00:00+00:00,0.9008965810667293,0.8017931621334586,-0.011883840141296065,1.0,-0.011883840141296065
2025-11-06 03:00:00+00:00,0.8499354006477514,0.6998708012955028,-0.013780479985077032,1.0,-0.013780479985077032
2025-11-06 04:00:00+00:00,0.6825915855254518,0.3651831710509037,-0.020090074946528924,1.0,-0.020090074946528924
2025-11-06 05:00:00+00:00,0.8876865421327168,0.7753730842654336,0.0015945949138327364,1.0,0.0015945949138327364
2025-11-06 06:00:00+00:00,0.7060958032926743,0.4121916065853486,0.004300344323102223,1.0,0.004300344323102223
2025-11-06 07:00:00+00:00,0.840065305239127,0.6801306104782541,-0.009209471076874753,1.0,-0.009209471076874753
2025-11-06 08:00:00+00:00,0.7780053015176137,0.5560106030352274,0.0016697895178594546,1.0,0.0016697895178594546
2025-11-06 09:00:00+00:00,0.8829834619610772,0.7659669239221545,-0.015858556581508032,1.0,-0.015858556581508032
2025-11-06 10:00:00+00:00,0.819380467602395,0.63876093520479,-0.027477711212793188,1.0,-0.027477711212793188
2025-11-06 11:00:00+00:00,0.8137717299026469,0.6275434598052938,-0.03616833431430255,1.0,-0.03616833431430255
2025-11-06 12:00:00+00:00,0.9013886960370178,0.8027773920740355,-0.006197711476369494,1.0,-0.006197711476369494
2025-11-06 13:00:00+00:00,0.7979601509285221,0.5959203018570443,-0.018519993745039542,1.0,-0.018519993745039542
2025-11-06 14:00:00+00:00,0.8995198777293182,0.7990397554586364,-0.0010157715055055805,1.0,-0.0010157715055055805
2025-11-06 15:00:00+00:00,0.9524568343462355,0.904913668692471,0.0019765721630733424,1.0,0.0019765721630733424
2025-11-06 16:00:00+00:00,0.9425974074666493,0.8851948149332987,0.015144575738145427,1.0,0.015144575738145427
2025-11-06 17:00:00+00:00,0.8763216944362926,0.7526433888725852,-0.0029694102655037913,1.0,-0.0029694102655037913
2025-11-06 18:00:00+00:00,0.8454434913860461,0.6908869827720923,-0.003775694866137158,1.0,-0.003775694866137158
2025-11-06 19:00:00+00:00,0.9227078283467096,0.8454156566934192,-0.0002797716101006209,1.0,-0.0002797716101006209
2025-11-06 20:00:00+00:00,0.9372134749626185,0.8744269499252371,0.005334083675222923,1.0,0.005334083675222923
2025-11-06 21:00:00+00:00,0.9702796173894552,0.9405592347789105,0.006292297049357964,1.0,0.006292297049357964
2025-11-06 22:00:00+00:00,0.9583390576798716,0.9166781153597432,0.007722962096594177,1.0,0.007722962096594177
2025-11-06 23:00:00+00:00,0.9687017922067311,0.9374035844134623,0.006973488071744693,1.0,0.006973488071744693
2025-11-07 00:00:00+00:00,0.9214597089414308,0.8429194178828616,0.012815921954977272,1.0,0.012815921954977272
2025-11-07 01:00:00+00:00,0.8711953822125579,0.7423907644251158,0.007057322310467962,1.0,0.007057322310467962
2025-11-07 02:00:00+00:00,0.8948496480500071,0.7896992961000142,0.0031444097058244136,1.0,0.0031444097058244136
2025-11-07 03:00:00+00:00,0.7950147042569118,0.5900294085138236,-0.0008884235716422051,1.0,-0.0008884235716422051
2025-11-07 04:00:00+00:00,0.8109248715878098,0.6218497431756196,-0.01120137604919258,1.0,-0.01120137604919258
2025-11-07 05:00:00+00:00,0.6998923104623936,0.3997846209247873,-0.025803672232455943,1.0,-0.025803672232455943
2025-11-07 06:00:00+00:00,0.4285885700595603,-0.1428228598808794,-0.026253347040260056,-1.0,0.026253347040260056
2025-11-07 07:00:00+00:00,0.42627950112781327,-0.14744099774437347,-0.040239680108696274,-1.0,0.040239680108696274
2025-11-07 08:00:00+00:00,0.5831609312477845,0.1663218624955689,-0.03008655610877753,1.0,-0.03008655610877753
2025-11-07 09:00:00+00:00,0.6701927018226679,0.34038540364533576,-0.004085207487930731,1.0,-0.004085207487930731
2025-11-07 10:00:00+00:00,0.9053336573979883,0.8106673147959766,0.004995501608746844,1.0,0.004995501608746844
2025-11-07 11:00:00+00:00,0.8995397116599558,0.7990794233199117,0.01493068662744479,1.0,0.01493068662744479
2025-11-07 12:00:00+00:00,0.9387081305922378,0.8774162611844756,0.050532583690614086,1.0,0.050532583690614086
2025-11-07 13:00:00+00:00,0.6097423270899277,0.2194846541798554,0.05695561715552211,1.0,0.05695561715552211
2025-11-07 14:00:00+00:00,0.6890340121845705,0.378068024369141,0.04723954196754332,1.0,0.04723954196754332
2025-11-07 15:00:00+00:00,0.5362215214592476,0.07244304291849524,0.05079916123726602,1.0,0.05079916123726602
2025-11-07 16:00:00+00:00,0.7343584169070297,0.4687168338140595,0.048330228845130385,1.0,0.048330228845130385
2025-11-07 17:00:00+00:00,0.9227013532442752,0.8454027064885503,0.017899676700572575,1.0,0.017899676700572575
2025-11-07 18:00:00+00:00,0.8720319289010333,0.7440638578020666,0.0029351206904104643,1.0,0.0029351206904104643
2025-11-07 19:00:00+00:00,0.7970885408915189,0.5941770817830379,-0.005407572926685256,1.0,-0.005407572926685256
2025-11-07 20:00:00+00:00,0.7088107059713414,0.4176214119426829,-0.00791571967782645,1.0,-0.00791571967782645
2025-11-07 21:00:00+00:00,0.894877806977795,0.7897556139555899,-0.00798414708368067,1.0,-0.00798414708368067
2025-11-07 22:00:00+00:00,0.41330500923054747,-0.17338998153890506,0.0021571058201212967,-1.0,-0.0021571058201212967
2025-11-07 23:00:00+00:00,0.33146950691159827,-0.33706098617680347,0.006499519524766351,-1.0,-0.006499519524766351
2025-11-08 00:00:00+00:00,0.5598161441491718,0.1196322882983436,0.002059681085408105,1.0,0.002059681085408105
2025-11-08 01:00:00+00:00,0.2524393449516412,-0.49512131009671756,0.002410255813141138,-1.0,-0.002410255813141138
2025-11-08 02:00:00+00:00,0.2885840895346952,-0.42283182093060956,0.002096423867247843,-1.0,-0.002096423867247843
2025-11-08 03:00:00+00:00,0.2168246885907983,-0.5663506228184034,0.0003881965085488215,-1.0,-0.0003881965085488215
2025-11-08 04:00:00+00:00,0.4203669069029302,-0.15926618619413957,-0.0052684569583557606,-1.0,0.0052684569583557606
2025-11-08 05:00:00+00:00,0.3035110853943008,-0.39297782921139846,0.00423043170228965,-1.0,-0.00423043170228965
2025-11-08 06:00:00+00:00,0.43760644012670896,-0.12478711974658208,-0.009266465326983386,-1.0,0.009266465326983386
2025-11-08 07:00:00+00:00,0.18271285709222548,-0.634574285815549,-0.011144962859795826,-1.0,0.011144962859795826
2025-11-08 08:00:00+00:00,0.6604541343089292,0.32090826861785837,-0.01673230626665112,1.0,-0.01673230626665112
2025-11-08 09:00:00+00:00,0.3911533679739793,-0.21769326405204137,-0.011671771066921521,-1.0,0.011671771066921521
2025-11-08 10:00:00+00:00,0.34491458207503517,-0.31017083584992966,-0.01989594764866076,-1.0,0.01989594764866076
2025-11-08 11:00:00+00:00,0.529188552014596,0.05837710402919205,-0.013172357394722334,1.0,-0.013172357394722334
2025-11-08 12:00:00+00:00,0.3700566968306715,-0.259886606338657,-0.0031602205405532047,-1.0,0.0031602205405532047
2025-11-08 13:00:00+00:00,0.664041411276929,0.3280828225538579,0.0015491456137972648,1.0,0.0015491456137972648
2025-11-08 14:00:00+00:00,0.16110075385533176,-0.6777984922893365,-0.003116465768904786,-1.0,0.003116465768904786
2025-11-08 15:00:00+00:00,0.548839857886635,0.09767971577327006,0.0059836072857824,1.0,0.0059836072857824
2025-11-08 16:00:00+00:00,0.14447978131077874,-0.7110404373784425,0.010951214078859461,-1.0,-0.010951214078859461
2025-11-08 17:00:00+00:00,0.35458151371481206,-0.2908369725703759,0.003011285698306221,-1.0,-0.003011285698306221
2025-11-08 18:00:00+00:00,0.6633765681479853,0.3267531362959706,-0.0002881776585859086,1.0,-0.0002881776585859086
2025-11-08 19:00:00+00:00,0.6921379032630007,0.38427580652600146,-0.001287088670372416,1.0,-0.001287088670372416
2025-11-08 20:00:00+00:00,0.7873697205730917,0.5747394411461835,0.0008038656219357954,1.0,0.0008038656219357954
2025-11-08 21:00:00+00:00,0.578443504457344,0.1568870089146881,-0.010932477773664573,1.0,-0.010932477773664573
2025-11-08 22:00:00+00:00,0.6798090081127957,0.3596180162255913,-0.009599553918619552,1.0,-0.009599553918619552
2025-11-08 23:00:00+00:00,0.6361369172182177,0.2722738344364355,-0.007794805424008011,1.0,-0.007794805424008011
2025-11-09 00:00:00+00:00,0.6028811682293741,0.2057623364587482,0.006018095668803625,1.0,0.006018095668803625
2025-11-09 01:00:00+00:00,0.6015953694360808,0.20319073887216166,0.0013004513331096312,1.0,0.0013004513331096312
2025-11-09 02:00:00+00:00,0.6960312169198851,0.39206243383977024,0.016189353049687938,1.0,0.016189353049687938
2025-11-09 03:00:00+00:00,0.6338465095901464,0.26769301918029287,0.013553636724606966,1.0,0.013553636724606966
2025-11-09 04:00:00+00:00,0.7601063257144022,0.5202126514288044,0.007737459978655492,1.0,0.007737459978655492
2025-11-09 05:00:00+00:00,0.5433560667294923,0.08671213345898465,-0.0008197467893250598,1.0,-0.0008197467893250598
2025-11-09 06:00:00+00:00,0.6625092087648571,0.32501841752971417,0.007087363806255409,1.0,0.007087363806255409
2025-11-09 07:00:00+00:00,0.7294510017515442,0.4589020035030884,0.005638850481304747,1.0,0.005638850481304747
2025-11-09 08:00:00+00:00,0.7203310756060709,0.4406621512121418,0.010589157077369293,1.0,0.010589157077369293
2025-11-09 09:00:00+00:00,0.3666827528932607,-0.2666344942134786,0.031000500102962292,-1.0,-0.031000500102962292
2025-11-09 10:00:00+00:00,0.5296252024521286,0.05925040490425726,0.03302555356250192,1.0,0.03302555356250192
2025-11-09 11:00:00+00:00,0.6748886627323111,0.34977732546462215,0.028794757480976596,1.0,0.028794757480976596
2025-11-09 12:00:00+00:00,0.5261319740097217,0.05226394801944334,0.021356316493227112,1.0,0.021356316493227112
2025-11-09 13:00:00+00:00,0.37628359026379027,-0.24743281947241946,0.024040269621315336,-1.0,-0.024040269621315336
2025-11-09 14:00:00+00:00,0.7118127499555786,0.4236254999111573,0.020969104169282327,1.0,0.020969104169282327
2025-11-09 15:00:00+00:00,0.3229547787944778,-0.35409044241104437,0.018155371035095236,-1.0,-0.018155371035095236
2025-11-09 16:00:00+00:00,0.27958633413358513,-0.44082733173282973,0.015209653861970152,-1.0,-0.015209653861970152
2025-11-09 17:00:00+00:00,0.6678204462001871,0.3356408924003742,0.020548315578867715,1.0,0.020548315578867715
2025-11-09 18:00:00+00:00,0.5979449644128741,0.1958899288257483,0.011684275947793532,1.0,0.011684275947793532
2025-11-09 19:00:00+00:00,0.40383152644063947,-0.19233694711872107,0.01542967494557268,-1.0,-0.01542967494557268
2025-11-09 20:00:00+00:00,0.2105385725534414,-0.5789228548931171,0.014146762879565067,-1.0,-0.014146762879565067
2025-11-09 21:00:00+00:00,0.16631552427661966,-0.6673689514467607,0.013048652393510052,-1.0,-0.013048652393510052
2025-11-09 22:00:00+00:00,0.2143824219709248,-0.5712351560581503,0.010981993212247021,-1.0,-0.010981993212247021
2025-11-09 23:00:00+00:00,0.14489002346367996,-0.7102199530726401,0.009681220610081587,-1.0,-0.009681220610081587
2025-11-10 00:00:00+00:00,0.2605367933655502,-0.4789264132688996,-0.00733201591906163,-1.0,0.00733201591906163
2025-11-10 01:00:00+00:00,0.25280272702837225,-0.4943945459432555,-0.0064950281056076475,-1.0,0.0064950281056076475
2025-11-10 02:00:00+00:00,0.288252775394569,-0.423494449210862,-0.005195249269934976,-1.0,0.005195249269934976
2025-11-10 03:00:00+00:00,0.1955923164803694,-0.6088153670392612,-0.008876629197986263,-1.0,0.008876629197986263
2025-11-10 04:00:00+00:00,0.27422764836051206,-0.4515447032789759,0.0018999787047511152,-1.0,-0.0018999787047511152
2025-11-10 05:00:00+00:00,0.4473970239579317,-0.10520595208413663,-0.0004158880318514413,-1.0,0.0004158880318514413
2025-11-10 06:00:00+00:00,0.7176929887159442,0.43538597743188845,0.0012569960292245774,1.0,0.0012569960292245774
2025-11-10 07:00:00+00:00,0.5324668967379622,0.06493379347592443,-0.004731743149783085,1.0,-0.004731743149783085
2025-11-10 08:00:00+00:00,0.44349522731704955,-0.11300954536590091,0.005663680362475443,-1.0,-0.005663680362475443
2025-11-10 09:00:00+00:00,0.289247466107909,-0.42150506778418195,-0.02277030943771219,-1.0,0.02277030943771219
2025-11-10 10:00:00+00:00,0.5166339817368728,0.03326796347374561,-0.024106578202838014,1.0,-0.024106578202838014
2025-11-10 11:00:00+00:00,0.6180003012433333,0.23600060248666654,-0.022270505160238985,1.0,-0.022270505160238985
2025-11-10 12:00:00+00:00,0.6906959706486742,0.3813919412973483,-0.010455426572491655,1.0,-0.010455426572491655
2025-11-10 13:00:00+00:00,0.2230741666044809,-0.5538516667910383,-0.02292288192349623,-1.0,0.02292288192349623
2025-11-10 14:00:00+00:00,0.6319949849423214,0.26398996988464285,0.004522330596207436,1.0,0.004522330596207436
2025-11-10 15:00:00+00:00,0.8723656862846548,0.7447313725693097,0.014549516389878114,1.0,0.014549516389878114
2025-11-10 16:00:00+00:00,0.5729320162971899,0.14586403259437986,0.0033701814058957336,1.0,0.0033701814058957336
2025-11-10 17:00:00+00:00,0.20253329097800155,-0.5949334180439969,0.0060738430708089375,-1.0,-0.0060738430708089375
2025-11-10 18:00:00+00:00,0.47959149903160725,-0.0408170019367855,0.01016827215847771,-1.0,-0.01016827215847771
2025-11-10 19:00:00+00:00,0.1792372095701274,-0.6415255808597452,0.007881964557873378,-1.0,-0.007881964557873378
2025-11-10 20:00:00+00:00,0.2792774416561512,-0.4414451166876976,0.0028491225711020363,-1.0,-0.0028491225711020363
2025-11-10 21:00:00+00:00,0.3046149310335319,-0.39077013793293625,0.020884829754596934,-1.0,-0.020884829754596934
2025-11-10 22:00:00+00:00,0.42694514390700317,-0.14610971218599367,0.008266844219643632,-1.0,-0.008266844219643632
2025-11-10 23:00:00+00:00,0.17766089719924233,-0.6446782056015153,0.0018253240581076469,-1.0,-0.0018253240581076469
2025-11-11 00:00:00+00:00,0.14619317675038232,-0.7076136464992353,-0.010448489921182857,-1.0,0.010448489921182857
2025-11-11 01:00:00+00:00,0.5075280709375727,0.015056141875145368,-0.006830200380479989,1.0,-0.006830200380479989
2025-11-11 02:00:00+00:00,0.2914421683999376,-0.41711566320012483,-0.019691074818336318,-1.0,0.019691074818336318
2025-11-11 03:00:00+00:00,0.16673041486934462,-0.6665391702613108,-0.012047490753509194,-1.0,0.012047490753509194
2025-11-11 04:00:00+00:00,0.18848111346795068,-0.6230377730640986,-0.005376434368877692,-1.0,0.005376434368877692
2025-11-11 05:00:00+00:00,0.33877634210742064,-0.32244731578515873,0.003411525882485611,-1.0,-0.003411525882485611
2025-11-11 06:00:00+00:00,0.24712125396494006,-0.5057574920701199,0.004773236124706148,-1.0,-0.004773236124706148
2025-11-11 07:00:00+00:00,0.746629131600571,0.49325826320114197,-0.0007508482326838983,1.0,-0.0007508482326838983
2025-11-11 08:00:00+00:00,0.5253538703522477,0.05070774070449535,-0.008186707483184286,1.0,-0.008186707483184286
2025-11-11 09:00:00+00:00,0.3654936887198395,-0.269012622560321,-0.007096648929734162,-1.0,0.007096648929734162
2025-11-11 10:00:00+00:00,0.3646854046381228,-0.27062919072375435,-0.022307454550563377,-1.0,0.022307454550563377
2025-11-11 11:00:00+00:00,0.45027875861044186,-0.09944248277911627,-0.024872557884334845,-1.0,0.024872557884334845
2025-11-11 12:00:00+00:00,0.3361307596589222,-0.3277384806821556,-0.019296610169491468,-1.0,0.019296610169491468
2025-11-11 13:00:00+00:00,0.3853175350900238,-0.22936492981995238,-0.018312331870310117,-1.0,0.018312331870310117
2025-11-11 14:00:00+00:00,0.2545938013829066,-0.4908123972341868,-0.020812963891888248,-1.0,0.020812963891888248
2025-11-11 15:00:00+00:00,0.474539145330838,-0.05092170933832396,-0.012248851131337557,-1.0,0.012248851131337557
2025-11-11 16:00:00+00:00,0.7099278455995591,0.41985569119911825,-0.01933765100362872,1.0,-0.01933765100362872
2025-11-11 17:00:00+00:00,0.662816324470626,0.325632648941252,-0.012555844559854146,1.0,-0.012555844559854146
2025-11-11 18:00:00+00:00,0.8784416669866061,0.7568833339732122,-0.014601235134113821,1.0,-0.014601235134113821
2025-11-11 19:00:00+00:00,0.8972857178570572,0.7945714357141145,-0.011197842049358475,1.0,-0.011197842049358475
2025-11-11 20:00:00+00:00,0.4474289414387647,-0.10514211712247057,0.0025168102557835415,-1.0,-0.0025168102557835415
2025-11-11 21:00:00+00:00,0.9244340007150217,0.8488680014300434,0.0027195550351288844,1.0,0.0027195550351288844
2025-11-11 22:00:00+00:00,0.8451359015645261,0.6902718031290522,0.0027099559522767436,1.0,0.0027099559522767436
2025-11-11 23:00:00+00:00,0.94369603828586,0.88739207657172,0.007736643824589162,1.0,0.007736643824589162
2025-11-12 00:00:00+00:00,0.6314562509270786,0.26291250185415715,0.008944983667209083,1.0,0.008944983667209083
2025-11-12 01:00:00+00:00,0.6539165973357849,0.3078331946715698,-0.002478566494656831,1.0,-0.002478566494656831
2025-11-12 02:00:00+00:00,0.5365171912309383,0.07303438246187666,0.0003240601525711373,1.0,0.0003240601525711373
2025-11-12 03:00:00+00:00,0.8407419183610777,0.6814838367221554,0.008491908104695689,1.0,0.008491908104695689
2025-11-12 04:00:00+00:00,0.3910801635958457,-0.21783967280830863,0.011401134013431458,-1.0,-0.011401134013431458
2025-11-12 05:00:00+00:00,0.471134260531559,-0.05773147893688202,0.02470554105018863,-1.0,-0.02470554105018863
2025-11-12 06:00:00+00:00,0.6057695973657093,0.2115391947314187,0.032132673843468185,1.0,0.032132673843468185
2025-11-12 07:00:00+00:00,0.48328028403791434,-0.033439431924171314,0.036192505253326956,-1.0,-0.036192505253326956
2025-11-12 08:00:00+00:00,0.624747594265896,0.24949518853179198,0.031195010644496923,1.0,0.031195010644496923
2025-11-12 09:00:00+00:00,0.3361569487798572,-0.3276861024402856,0.005393622429197942,-1.0,-0.005393622429197942
2025-11-12 10:00:00+00:00,0.5400745247541998,0.08014904950839963,-0.029848591230295263,1.0,-0.029848591230295263
2025-11-12 11:00:00+00:00,0.33716045365950037,-0.32567909268099926,-0.04221635883905017,-1.0,0.04221635883905017
2025-11-12 12:00:00+00:00,0.26987762935895115,-0.4602447412820977,-0.034604454133466134,-1.0,0.034604454133466134
2025-11-12 13:00:00+00:00,0.13776891426209056,-0.7244621714758188,-0.042635507116641214,-1.0,0.042635507116641214
2025-11-12 14:00:00+00:00,0.39692662936287765,-0.2061467412742447,-0.026977692841656076,-1.0,0.026977692841656076
2025-11-12 15:00:00+00:00,0.7404898864943583,0.48097977298871664,-0.0033676420377444227,1.0,-0.0033676420377444227
2025-11-12 16:00:00+00:00,0.9816060994690817,0.9632121989381635,0.007113677568223009,1.0,0.007113677568223009
2025-11-12 17:00:00+00:00,0.9542016649685557,0.9084033299371115,-0.002170646671820986,1.0,-0.002170646671820986
2025-11-12 18:00:00+00:00,0.9366905939176133,0.8733811878352267,-0.002644412692011988,1.0,-0.002644412692011988
2025-11-12 19:00:00+00:00,0.9787907255412712,0.9575814510825424,0.0013387234567248107,1.0,0.0013387234567248107
2025-11-12 20:00:00+00:00,0.6486607133375669,0.29732142667513384,0.002023313490610912,1.0,0.002023313490610912
2025-11-12 21:00:00+00:00,0.5873138548206569,0.1746277096413138,0.0030480587986032592,1.0,0.0030480587986032592
2025-11-12 22:00:00+00:00,0.6469347602106496,0.2938695204212991,0.008891526880714373,1.0,0.008891526880714373
2025-11-12 23:00:00+00:00,0.6390799359654336,0.2781598719308671,0.01956194371363451,1.0,0.01956194371363451
2025-11-13 00:00:00+00:00,0.5798909561154253,0.1597819122308506,0.03400971622410065,1.0,0.03400971622410065
2025-11-13 01:00:00+00:00,0.7052934849968927,0.4105869699937854,0.033990824347622794,1.0,0.033990824347622794
2025-11-13 02:00:00+00:00,0.754518616813445,0.50903723362689,0.030117006771009258,1.0,0.030117006771009258
2025-11-13 03:00:00+00:00,0.622083253958183,0.24416650791636596,0.02085482767814706,1.0,0.02085482767814706
2025-11-13 04:00:00+00:00,0.5391254176793131,0.0782508353586262,0.0014281486079141814,1.0,0.0014281486079141814
2025-11-13 05:00:00+00:00,0.7120039164626035,0.42400783292520705,-0.006524346502059908,1.0,-0.006524346502059908
2025-11-13 06:00:00+00:00,0.6022135626395182,0.2044271252790364,-0.010855127429756695,1.0,-0.010855127429756695
2025-11-13 07:00:00+00:00,0.39543360671815253,-0.20913278656369494,-0.01008301161031211,-1.0,0.01008301161031211
2025-11-13 08:00:00+00:00,0.40593294329085927,-0.18813411341828146,-0.024411778065453915,-1.0,0.024411778065453915
2025-11-13 09:00:00+00:00,0.38306853913450617,-0.23386292173098766,-0.012373027259684366,-1.0,0.012373027259684366
2025-11-13 10:00:00+00:00,0.2988624089838011,-0.40227518203239776,-0.03386913561924554,-1.0,0.03386913561924554
2025-11-13 11:00:00+00:00,0.35409900206340195,-0.2918019958731961,-0.04968842946163021,-1.0,0.04968842946163021
2025-11-13 12:00:00+00:00,0.14179283729509193,-0.7164143254098161,-0.07041428571428565,-1.0,0.07041428571428565
2025-11-13 13:00:00+00:00,0.5768938508029012,0.15378770160580246,-0.06543595354562359,1.0,-0.06543595354562359
2025-11-13 14:00:00+00:00,0.384039272057647,-0.23192145588470603,-0.07155682359640658,-1.0,0.07155682359640658
2025-11-13 15:00:00+00:00,0.9746412559636619,0.9492825119273238,-0.06375272886257755,1.0,-0.06375272886257755
2025-11-13 16:00:00+00:00,0.9588746250312314,0.9177492500624629,-0.04464688373771086,1.0,-0.04464688373771086
2025-11-13 17:00:00+00:00,0.8557910436184483,0.7115820872368965,-0.008043521691690647,1.0,-0.008043521691690647
2025-11-13 18:00:00+00:00,0.7871194084645141,0.5742388169290282,0.005601534428107957,1.0,0.005601534428107957
2025-11-13 19:00:00+00:00,0.5898413800195641,0.1796827600391282,0.0011328111553734477,1.0,0.0011328111553734477
2025-11-13 20:00:00+00:00,0.6550921449342838,0.3101842898685676,0.011516738712018526,1.0,0.011516738712018526
2025-11-13 21:00:00+00:00,0.9151959614259341,0.8303919228518681,0.018564325276938742,1.0,0.018564325276938742
