time,open,high,low,close,volume
1672531200,20034.505517047095,20038.934366380556,20031.957018583256,20034.028144905547,5677.546645327525
1672534800,20097.17971260443,20097.507459267115,20082.578983092375,20108.42561129924,8387.72444759623
1672538400,19991.049473033898,19994.88854484673,19979.649316295505,19997.957480710673,6945.530094283494
1672542000,19957.315678261766,19960.171992235006,19918.44838968892,19954.85265718333,1892.9215741001822
1672545600,19934.302283941848,19952.92313324334,19926.550381459754,19938.66936428856,3564.471174524533
1672549200,19977.816696587986,20001.777453513023,19960.675412188186,19974.537213133335,5976.37501694307
1672552800,20010.319606514156,20018.74712988046,19996.154557932507,20010.49914495523,8107.591749597809
1672556400,20052.873307549187,20066.00512313291,20048.478397115825,20039.713927234818,3530.3481793299816
1672560000,20052.00306769509,20075.42848047865,20050.63889891526,20054.06234967888,7739.71869378195
1672563600,20024.71473425605,20028.8406756804,20008.848958116178,20003.80978785791,6539.465289150766
1672567200,20061.636315766078,20089.373882109165,20061.58797023594,20049.73130615475,2155.456406005166
1672570800,20026.03905306245,20036.53313538041,19996.719637841776,20027.858129221186,6246.362809186083
1672574400,19992.920571359457,20017.31005416291,19983.985700458154,19985.348904123362,239.25943695413042
1672578000,20020.58656796271,20037.44074055392,20019.36485428181,20019.46586328238,3959.976431694997
1672581600,19990.526702894804,19993.801181154,19978.37248777559,20001.852916124935,9242.534957896542
1672585200,19902.85591346202,19946.711930340487,19880.2591731404,19895.02646173228,3517.712693869502
1672588800,19823.55477325896,19825.566602900377,19794.705674499215,19832.46320376822,4453.928410228403
1672592400,19839.05546123386,19857.352290024028,19834.41465974286,19840.91033033189,8792.8971103242
1672596000,19846.359125465435,19866.73634578461,19829.26175902234,19866.098119066166,1735.4074722756861
1672599600,19845.586233677568,19867.478608698602,19835.23507702743,19847.355444042623,594.3310801756722
1672603200,19871.302313390395,19883.767399963584,19839.820464814467,19865.859442813427,6821.244107123682
1672606800,19984.828196772323,19993.391346160148,19962.991148571225,19989.27998154033,239.67653843084688
1672610400,19998.68430873422,20012.71929024685,19994.378306912084,19997.92887999271,4194.3697043523625
1672614000,20087.48828919362,20103.597934887544,20057.906809521766,20093.43508196399,9037.632142227396
1672617600,20138.16658598077,20153.105498828627,20137.214963899816,20138.125273267957,1328.6250599743735
1672621200,20186.542270287104,20203.45759610263,20163.047854835306,20186.027972159878,5943.753801904504
1672624800,20191.660298217812,20201.74559054935,20186.31558032965,20178.1707854703,2433.8516522954287
1672628400,20251.951839621674,20277.177908138394,20229.60738878246,20258.356189260176,5722.60322740766
1672632000,20235.33023835473,20272.88838526411,20231.863866065953,20229.048516194085,1545.3151066721077
1672635600,20202.256502392403,20220.32422489733,20198.705460383393,20201.558325909686,5477.583684869269
1672639200,20202.78388164237,20207.89135272759,20199.812186007475,20201.693736745314,1024.5883551431039
1672642800,20197.050845697533,20212.31688125677,20175.73424607204,20195.229734295062,8322.531669492866
1672646400,20180.256721824393,20184.54453806699,20179.45614772076,20169.53119512617,3141.7980231056677
1672650000,20231.33411990632,20237.230525024144,20220.91593093164,20245.2408126949,5568.543298835632
1672653600,20101.97196138964,20130.831321144848,20090.087350580015,20109.91503925398,8211.192431486965
1672657200,20055.094362396747,20085.549815558847,20045.949493697717,20064.64556717386,3102.0823942282527
1672660800,19993.85234429075,19999.58391913137,19977.23287396334,19984.294596778112,9603.804682193168
1672664400,19950.68404530296,19962.947740429263,19948.56427532425,19953.32400631301,9544.552639980462
1672668000,19962.1974028385,19979.611280098074,19944.999817415606,19957.650040696797,4280.213490549874
1672671600,19970.253847230746,19978.13930580246,19953.78655335252,19975.207782483536,7186.420134818794
1672675200,19956.253631109244,19964.618950067474,19934.029304431788,19963.978895852768,502.5256808030239
1672678800,19991.826529597856,19995.7157716708,19975.60144368031,19997.758279847738,5420.851343357428
1672682400,19990.84556892917,20003.505193337136,19990.713712675282,19979.6089301948,9922.628987087177
1672686000,19983.34394437547,19988.96901763869,19980.654764502116,19984.628763026514,8068.774232405482
1672689600,20054.717291620604,20085.836673204372,20026.06962811235,20059.376842098907,8969.75990701442
1672693200,20008.604599754584,20022.186466399082,20007.64745971473,20007.700315902723,3299.099134418169
1672696800,20010.08728119825,20018.1240623535,19993.386399641633,20005.018128638727,5933.109691254918
1672700400,19990.170848161015,19999.335486141434,19968.962860990392,19990.710752435694,6715.92230416446
1672704000,19983.681582548066,19989.44569666122,19983.36927293361,19980.599231154345,4477.852492645885
1672707600,20098.813173476312,20115.54548283106,20092.972510889438,20099.945387167627,7126.359843449385
1672711200,20065.690410226955,20069.87354059711,20062.867194748625,20068.81110073547,8062.548705854548
1672714800,20033.390972662604,20034.453331733803,20017.67257896519,20038.517270260607,5689.261867297955
1672718400,19984.234103650113,19989.084526321734,19972.782574863595,19982.16514660047,7716.565025836913
1672722000,19967.91021372896,19972.733536380103,19940.957921544767,19961.74814242581,5535.565763408508
1672725600,20027.024523864224,20054.87199167337,20024.912203268384,20045.7759687473,5293.530235189079
1672729200,20070.78432333892,20094.676735242876,20068.076028067117,20060.933599561045,3346.6002310127406
1672732800,20050.46923374486,20065.655807139763,20005.514969309785,20048.720787666807,1742.7902721836438
1672736400,20031.552087230597,20046.52119994993,20027.62868536429,20017.2230193536,4495.950180011621
1672740000,20039.999631116985,20057.521002525504,20015.367759945304,20046.439892637485,1599.215687557307
1672743600,20028.69369015227,20030.64746100799,19999.452289665074,20029.061517837476,9261.152078437046
1672747200,20036.35236251507,20050.21850323722,19997.499474306293,20018.281777110045,9488.881502968192
1672750800,19994.791078010312,20013.663994089282,19987.62033879439,19992.112247807225,1933.2613598802936
1672754400,20018.945902517084,20037.06028649753,19991.368104511545,20039.616896248954,9657.641934013973
1672758000,19957.397178433814,19989.17389800845,19956.130351175925,19961.76778649402,5585.7955976627
1672761600,19969.304181274336,19974.581379051655,19962.70439674721,19961.019272240235,8028.7000850519125
1672765200,20014.573953470146,20014.706874476826,20009.873296720147,20011.104487252323,4038.199987522238
1672768800,19980.233630265106,19994.342148783642,19941.72613494713,19984.064924726226,1462.1626071059552
1672772400,19962.62923370685,19968.719255566575,19943.073986165902,19964.231089167217,7688.897835334903
1672776000,20026.65130184926,20037.4692285642,20013.03544000225,20025.49555756618,8081.14324089596
1672779600,20018.32365775316,20024.05037192827,20002.688676324957,20013.011410261435,8272.559163287562
1672783200,20027.32125205941,20036.382827636884,20014.350611915524,20031.94938431564,9549.120247084165
1672786800,19990.848842581923,19992.704824394736,19977.8710452928,19997.682787747563,1289.6587760998857
1672790400,20081.973209644977,20089.28704180784,20072.476969696916,20086.84509656508,7381.282785811651
1672794000,20059.353661508354,20087.99960821836,20027.68830909667,20058.335888763417,7649.6509712403285
1672797600,20061.769614933153,20080.369008084315,20029.169960430536,20062.64110322788,5041.878157477982
1672801200,20075.030244257003,20111.370506144172,20061.076678563822,20066.99818857364,7169.497383190513
1672804800,20204.023561998783,20230.10540348465,20186.517435297512,20208.967243884443,8144.145452410383
1672808400,20094.558342330976,20136.08442186407,20092.999219926303,20100.135542019503,7967.749940980594
1672812000,20082.871902457617,20118.79042141756,20077.31297846253,20072.862810263865,6571.658835689489
1672815600,20103.432576840736,20121.13292276977,20103.195915837994,20104.81764535499,7312.940575867171
1672819200,20082.55549304833,20102.53018616163,20080.370540595,20081.719518712336,2506.977999137324
1672822800,20039.969675169334,20041.410695070015,20019.83986955145,20024.068205883625,7364.230192326317
1672826400,20087.35415031784,20133.886631211633,20058.561240457362,20085.882314132858,1361.3664304260121
1672830000,20099.992740532045,20142.746547331146,20098.18383368089,20092.545738076464,8885.809576595118
1672833600,20223.08437804234,20234.76437595212,20202.118629567525,20234.582868724217,6749.944872339415
1672837200,20344.58838670162,20379.411932938536,20325.10059747192,20342.23735341154,9216.794452476206
1672840800,20274.118888595396,20301.654099476455,20235.424404057318,20267.449793051,1003.3726751583561
1672844400,20192.884195717852,20200.232080237245,20182.15842463948,20206.472172700436,7871.797582966396
1672848000,20205.125179479226,20224.18268931035,20189.838763746193,20201.512621678346,7131.970331418054
1672851600,20205.70584946951,20228.760397907572,20189.45740172615,20204.64144951545,7383.771290584154
1672855200,20165.495681309425,20197.55134637741,20164.841316368762,20151.702455048977,118.51513064994465
1672858800,20190.019746725524,20205.763443622796,20170.893842653226,20209.235266790412,7929.403011773128
1672862400,20178.03518683119,20198.331389214083,20155.19659816194,20191.77657416532,2461.466451271256
1672866000,20076.253580340748,20092.198197273134,20073.593535208867,20087.666185893806,4624.850656922022
1672869600,20078.43449979057,20091.56098992276,20036.94483815191,20063.514927560314,6866.27447991937
1672873200,20118.145574966857,20139.9498653819,20088.598740125723,20123.797566309513,7344.994518906628
1672876800,20090.483757693426,20093.816009665086,20070.234291125955,20086.34423682377,2397.0145393693288
1672880400,20113.622921766095,20117.34486018808,20107.6065381493,20115.945396585346,4361.910849936418
1672884000,20104.25902522085,20116.320813079816,20100.954837968126,20112.052955299187,1596.357932636537
1672887600,20118.298107614282,20134.20449707776,20113.836314483848,20134.79750559508,7323.997507004539
1672891200,20212.26872415964,20222.510407565034,20207.70150139772,20212.58768594131,1398.856025098157
1672894800,20301.619126526282,20338.82288416449,20284.93096462809,20296.94932915439,9709.75504794615
1672898400,20312.73387633441,20323.891689580105,20282.412638540227,20334.52638554605,6046.845929111839
1672902000,20293.874190699866,20320.23387464777,20282.07467922253,20305.23440451667,7523.210116293877
1672905600,20316.230779139663,20359.89600711314,20313.04011058956,20303.53013938579,7395.254518507395
1672909200,20270.151877739758,20278.968139128392,20253.614404171083,20279.958217315878,2526.9047403307154
1672912800,20257.901467778844,20272.35101947306,20233.319840677927,20258.10795795556,5388.4219469557165
1672916400,20219.244476442396,20235.760056488583,20202.671886893248,20216.489347078536,2557.607459350374
1672920000,20212.330155675612,20224.06179319268,20205.26908256994,20214.54096452212,1517.230052028673
1672923600,20187.686467917614,20194.241088264727,20179.12533173491,20188.520203051536,9991.631640995782
1672927200,20151.4287594743,20181.429712775753,20127.78960444968,20161.14299169694,539.6366891365224
1672930800,20160.517532491263,20169.719144581177,20150.203859171866,20159.73681441476,1469.8735794242439
1672934400,20119.498481150753,20145.90312872293,20117.16641795471,20107.736369481816,4785.772452406957
1672938000,20106.306153524907,20109.24252375956,20095.133445690935,20094.430228965917,199.07696775963763
1672941600,20129.628069909893,20141.18008067669,20127.118441360573,20130.886449712027,9273.298122767026
1672945200,20169.014699619045,20188.52370190153,20151.103479314435,20173.910427113264,932.4105664464171
1672948800,20238.40721036957,20243.022141464087,20234.794553350966,20247.582342075428,3097.580384887835
1672952400,20260.29435190687,20265.338130010565,20256.911101956677,20251.528644354374,8500.307385487939
1672956000,20267.12587255387,20298.33282631362,20263.674717606325,20266.259619458684,8966.295081142322
1672959600,20200.335409330903,20239.676613208594,20197.163361088544,20203.6153093829,2932.7487638198504
1672963200,20213.11065680066,20243.70560167494,20198.728510247453,20228.990272015024,7590.991556602939
1672966800,20267.45849457536,20325.503812079558,20257.115805624526,20274.50462064518,7824.913228162118
1672970400,20287.204554361397,20319.779919697867,20285.09042048319,20270.41578544972,9280.93430065303
1672974000,20276.82097548332,20278.856394149705,20242.912232834602,20280.251643462954,335.3051523379095
1672977600,20317.09318098447,20318.91578341048,20309.03773471052,20313.536867465948,4346.172579977984
1672981200,20325.348181829497,20360.866022768245,20324.920360911634,20336.7597094606,408.3326944535684
1672984800,20354.63591252654,20377.22961405098,20350.57049369912,20361.843377623398,2454.5075381078213
1672988400,20384.291779890398,20393.36135796199,20357.10877891822,20381.13322160151,9993.632838660516
1672992000,20305.953691664443,20314.78558141644,20281.555703984555,20301.755767387884,1149.206746598856
1672995600,20344.878237075172,20354.851904403462,20342.62443904812,20350.924897864075,9446.224482539988
1672999200,20427.603429269006,20460.165396428307,20409.517571042266,20435.07564098082,6107.370477179886
1673002800,20458.08774935168,20465.83825484441,20449.099400376756,20469.320673160946,8796.352206019901
1673006400,20461.902329301738,20495.462767274836,20433.825845704647,20476.31047302722,7413.545200176521
1673010000,20457.013604389693,20520.134304163144,20442.635468392407,20462.184685853994,6435.228881960402
1673013600,20417.743339785662,20437.760992573705,20391.184893155067,20423.660257527,8280.638251903718
1673017200,20498.162177294118,20499.25329298827,20453.741176492513,20513.60820326554,2788.6088796086033
1673020800,20461.12051779027,20465.99395648044,20448.605826322142,20459.43275583977,3247.962454048874
1673024400,20447.28996455217,20462.125549947716,20426.295403030894,20435.483348743306,7126.4505859611245
1673028000,20341.566344129726,20344.57124393259,20305.02635717182,20335.023618318242,2381.6490688139543
1673031600,20332.450387621146,20342.7293532397,20322.01245266813,20329.386618116525,3041.0848310734696
1673035200,20369.817207798496,20375.744905235082,20364.90413320328,20361.80175374503,6580.1660282209505
1673038800,20343.919691480034,20352.893092967148,20334.160323953372,20337.658276552396,278.41765404311786
1673042400,20293.454471499157,20301.906484134062,20279.05162545178,20292.097099987594,5365.360784915614
1673046000,20258.526567089597,20265.643145965212,20240.513128425417,20257.509547765996,9548.275988056195
1673049600,20271.246951621706,20283.864257691926,20239.675487384673,20264.57190565808,7774.811402032695
1673053200,20283.3020618744,20283.920080857428,20253.328737952976,20272.484000044187,8432.626123437041
1673056800,20270.98220332154,20283.360485439967,20262.2893420526,20264.30289352614,7433.9877900759175
1673060400,20260.17387098365,20269.065568799902,20220.285598320734,20255.19367430968,7492.313183321615
1673064000,20260.493278490503,20308.20987064157,20228.444342821185,20270.270180709253,6082.601396265087
1673067600,20227.76700507459,20228.407977358598,20204.604242558235,20231.32106874283,6763.090188990049
1673071200,20176.91525823612,20185.66759777393,20171.46579361985,20187.087953778748,2032.0729044957618
1673074800,20132.308438107808,20142.44894425995,20120.48490527465,20117.65932189841,7471.348860054454
1673078400,20163.898550210448,20173.793720650465,20160.40938328179,20162.223341211018,8212.050515029361
1673082000,20187.268292860677,20232.462336358254,20164.011487937125,20195.17032986651,920.1809732935147
1673085600,20164.738171343608,20190.940692848868,20128.269668833535,20157.7340539485,7720.526080595685
1673089200,20156.62416222725,20159.01652098032,20131.349695515994,20156.99978039472,377.67277133191516
1673092800,20143.20967925459,20157.268470022605,20125.247403145702,20145.36462322178,7527.916987926525
1673096400,20149.232180396935,20180.764713881486,20114.206073012632,20146.65947030912,8413.99912675703
1673100000,20249.381084837736,20286.580330662964,20203.424790534278,20258.652670178468,642.24648183328
1673103600,20138.733536831074,20139.114955046512,20136.268882676108,20142.84193624913,833.2989370167542
1673107200,20087.53541838892,20094.121663941136,20061.3257101352,20098.964218513906,2675.8968006494133
1673110800,20101.67317782879,20108.100788421165,20079.143181801526,20104.79515002505,9201.584255905243
1673114400,20203.407274201643,20205.343202382945,20191.783835231054,20200.710248211784,2329.9898023223122
1673118000,20182.85380504327,20204.926361576032,20182.63294071344,20181.763536459726,4446.196367169751
1673121600,20290.17237259127,20314.93060452619,20274.946425773,20275.781857969847,3814.2660133906297
1673125200,20265.806316402686,20280.05904359688,20245.37808408822,20273.111038314328,5472.225194493765
1673128800,20207.752929151313,20229.80877556315,20200.685541459567,20202.644682792634,9493.755910448604
1673132400,20220.272555735006,20225.02488247688,20208.921258502192,20225.13623499413,8325.894191823998
1673136000,20208.51320372123,20212.641682865742,20186.52210956336,20222.534463503398,1868.0996183963375
1673139600,20237.108462625307,20265.70405425727,20212.098924007874,20229.38249279496,9291.95906718916
1673143200,20299.320825433377,20323.625439653257,20280.79085781924,20311.83587302245,4723.364006734901
1673146800,20311.09870693056,20321.94685161375,20265.697938258505,20298.572133413647,3887.137877220849
1673150400,20243.350699181396,20259.132980612507,20223.762222665595,20227.90535218713,2768.6036282434184
1673154000,20235.81161369994,20274.107299555842,20234.567973297577,20223.790474751026,1028.9410026127562
1673157600,20189.979332618936,20202.344167609568,20177.028977691305,20203.189012371247,1007.1977407335407
1673161200,20163.552220937145,20169.703775088703,20116.841944829164,20159.05569327588,6625.648369751565
1673164800,20222.65645566141,20244.374680693847,20174.147587749638,20221.56903973567,3550.7395544861506
1673168400,20304.482143393005,20312.10088691092,20287.889105890117,20314.56022645093,1729.944436982034
1673172000,20271.102052240843,20274.81298897507,20264.393675705367,20268.059969981805,5504.60289246059
1673175600,20325.36906100991,20340.67513215186,20304.7882894921,20318.012685130707,896.7794038386637
1673179200,20266.762896901517,20325.696377565902,20254.371010183928,20256.754205082612,1026.7806381015166
1673182800,20275.651651332766,20294.2361140887,20269.167446686908,20270.06704360016,2924.2795232170183
1673186400,20329.11464429224,20330.623352839026,20326.823860638477,20319.956686765414,6743.064154140322
1673190000,20342.03788075392,20348.51209684079,20300.967840968155,20335.789550620495,7454.123635790344
1673193600,20332.613208836592,20342.044480090735,20331.337613959986,20323.365157902368,9488.679134984715
1673197200,20366.08047482236,20368.50586291254,20339.328423076975,20382.74333260643,1090.2496481501767
1673200800,20355.443626398664,20356.723672828695,20322.983737592236,20350.34517531445,6517.553202758113
1673204400,20321.83117201106,20350.64970016118,20308.127899400642,20326.037986291885,2621.854046297723
1673208000,20347.16397416481,20355.826756114642,20333.195479012855,20360.37988493254,6228.384942027864
1673211600,20352.327303935945,20371.954661754447,20347.570311837277,20344.881597928757,4300.999007349406
1673215200,20363.47655206669,20368.260682571854,20357.371367583946,20363.545828679944,3726.4774906077564
1673218800,20313.976073880065,20330.89507967327,20305.74030792166,20318.895970452977,6917.128021259843
1673222400,20397.226053284598,20399.211600910778,20392.640585494395,20396.637638970806,9523.651313338043
1673226000,20360.577083622138,20379.32959499247,20332.295661874894,20366.905646362717,3034.410674485116
1673229600,20259.91196112814,20318.10828863638,20246.91885409953,20256.551320395058,9112.050156693656
1673233200,20323.258860240094,20352.2480578998,20303.993082507695,20320.896196522146,5392.476455532501
1673236800,20273.29135638644,20275.093580651985,20222.10995912498,20267.54049695576,6460.506082280797
1673240400,20278.155960571476,20316.17146033137,20263.678168149425,20265.557147212003,3966.2582221539824
1673244000,20150.94339472846,20171.787382771876,20116.946297591567,20157.83896174403,7682.453511198941
1673247600,20136.011736163044,20138.60575524936,20120.074858673408,20130.84125695388,3257.5346479872555
1673251200,20102.154906245312,20136.528815295685,20081.54848442946,20112.87706867192,5134.752575944808
1673254800,20124.507851604183,20143.349272482803,20118.2961203058,20135.63099203281,6779.885716647455
1673258400,20136.753667697343,20141.03186485523,20133.657548469142,20134.159685346876,6819.70941324679
1673262000,20138.130240028244,20140.961212414855,20136.928437036175,20133.46272971535,9109.289037425986
1673265600,20063.493645185714,20085.69190942347,20058.81511734748,20058.642464961125,5808.696959982782
1673269200,20082.395836446813,20098.2469495622,20078.1652169399,20066.666782939792,7997.625477305791
1673272800,20122.47469198109,20122.88278337095,20107.00653421094,20101.91962729179,7111.013054067675
1673276400,20166.05081002366,20176.33609802762,20143.32897433725,20174.80413759024,6429.423103637618
1673280000,20195.391385278264,20199.49478138455,20164.825486666614,20202.195327437585,7440.991079544718
1673283600,20202.81792612807,20234.318740699407,20178.414397587894,20212.923782321992,9421.034219165931
1673287200,20248.7412621064,20261.662853801838,20238.142597788436,20252.56794702547,7541.911989552869
1673290800,20293.335950986344,20296.780912410304,20266.213079555415,20299.106221546102,7698.837010045597
1673294400,20280.41596367328,20283.181074150292,20264.372353281517,20287.312459277084,9128.726681318296
1673298000,20316.954420593913,20337.860964443484,20274.310870841935,20322.226663585385,3810.8773552709713
1673301600,20303.154913226503,20320.44241502893,20290.767178972794,20308.076407124256,6410.613032513341
1673305200,20275.057745428378,20275.438690619525,20260.61473334809,20277.94041328438,6160.943310429533
1673308800,20351.24221765618,20353.452822064934,20335.56140877116,20340.35692475156,2605.519865046537
1673312400,20399.93947176318,20430.497813788636,20383.477680399737,20398.7368851859,264.8801346323901
1673316000,20400.077326647493,20426.487508759503,20380.728850757998,20398.546621392936,1599.1208776752187
1673319600,20392.573357017005,20399.808028630927,20372.674344116156,20403.698109429508,9124.737461557275
1673323200,20397.21170431407,20415.812488363263,20357.48055517222,20396.099329607303,5732.6099796433455
1673326800,20293.670459335484,20294.813963522272,20291.245664647155,20270.02934522239,5299.426596158797
1673330400,20314.211319015016,20328.642400981906,20298.511994901586,20304.11892720343,9243.325930732344
1673334000,20364.082576005287,20407.939898528806,20354.260157157794,20372.46980751602,9325.28149200067
1673337600,20465.13291261768,20474.407260831384,20437.08680951528,20477.24520157422,7740.902052829137
1673341200,20441.306113648538,20446.185534997156,20433.57881748984,20466.959738609745,5322.474111103138
1673344800,20377.206455248725,20389.942952165882,20375.552408135434,20362.54771746537,9321.773444032646
1673348400,20446.205408467154,20451.53048338201,20429.64701944292,20437.741243141107,696.0373956057678
1673352000,20475.077901146287,20484.02603950997,20465.05902508673,20469.78815978784,2508.460472653452
1673355600,20553.505378657806,20594.892134475627,20549.639881443538,20548.488788944316,1662.6146235875917
1673359200,20530.222876876836,20536.618243160785,20526.28697455991,20543.737793091972,1115.9430326238876
1673362800,20520.725135980683,20566.71615471047,20485.847837347275,20511.261847341768,4901.8962717677405
1673366400,20434.939978509366,20447.520785518867,20416.659491092996,20442.14119446507,3246.9247704553372
1673370000,20408.808394575593,20424.07427697137,20369.492181462272,20414.316607796784,3618.17082682268
1673373600,20347.084788041248,20349.443970028347,20341.27898351392,20329.134180992074,4636.435629340486
1673377200,20340.362081026728,20350.03696505181,20301.38751492784,20332.2210567975,8005.711988468298
1673380800,20409.413601735825,20411.930160437754,20390.813800238226,20422.308331148175,6671.656380366975
1673384400,20497.986571655518,20536.5597345842,20483.986306532457,20501.428009865256,3095.8213095831716
1673388000,20585.250884585283,20594.570649510268,20562.42555653712,20579.682096325796,1945.0701413285035
1673391600,20601.637478380908,20609.18766500802,20595.44393239186,20605.134589921607,7734.4278645609775
1673395200,20708.54195992758,20732.478273514465,20706.08503816544,20706.186564947435,3561.383127338467
1673398800,20689.01442305803,20693.739781923883,20657.189234189296,20689.513388824817,9026.565469868881
1673402400,20704.76616183992,20709.400821189905,20701.267584901,20721.319742060918,4884.506800923433
1673406000,20609.39174285547,20636.63136895241,20597.059388911297,20626.810163470014,339.77960475725274
1673409600,20550.069810893867,20559.685836295193,20541.015499546673,20547.94303608814,1161.38960280573
1673413200,20482.04430283645,20489.871137832564,20471.874535366223,20485.484892680088,5032.631877783677
1673416800,20492.236480608095,20493.40544674374,20469.361370468727,20493.64064130099,8213.841417692778
1673420400,20582.795949790176,20596.709632323396,20539.876277540396,20575.196571043147,7769.818578630764
1673424000,20611.41699545298,20625.261733409607,20608.508320398618,20610.955805132482,7558.605446743924
1673427600,20723.24915459464,20763.171206666033,20721.89991014549,20728.38420926939,7178.403093986726
1673431200,20753.551825686165,20766.92082124021,20751.108427015934,20775.463314233344,111.69058936965143
1673434800,20839.655301806986,20847.14959711098,20815.63649644582,20847.69411231938,6643.5724898991975
1673438400,20826.379788123766,20855.999910893162,20823.069403290425,20836.11849506896,2222.0216220253774
1673442000,20774.65154368241,20786.08430638388,20752.816343722876,20772.25891162061,2901.525486659349
1673445600,20676.722326043706,20693.662387095388,20666.4907674071,20670.118811521483,538.7317520937386
1673449200,20692.960251064906,20712.556061864187,20692.443877132206,20690.788883446916,2497.6038888945423
1673452800,20753.529897802673,20785.18988522369,20735.70885773821,20746.86281252467,3392.4958760460727
1673456400,20812.070544785158,20853.984285693223,20807.008206850493,20815.411091944075,4454.794132672489
1673460000,20875.791033628626,20880.163562667058,20870.454113864085,20890.174930283163,987.4263654609944
1673463600,20945.84874457419,20954.163835884,20937.704964712222,20934.794867867888,2560.307006024205
1673467200,20855.427587473605,20875.899603362035,20800.699122931157,20867.38345184212,6309.130975973307
1673470800,20837.443322602554,20875.85211433766,20807.881036344803,20836.95654879029,1492.862654660361
1673474400,20815.108915062352,20824.04320260001,20811.419492895173,20823.147684138294,923.1187559097415
1673478000,20909.316096551327,20948.13064882856,20892.839556062903,20911.342388748602,6089.417647100587
1673481600,20908.65200871767,20914.675259664622,20903.311005364798,20920.69192192203,9007.985803747857
1673485200,20847.657266296603,20852.607627299145,20828.998807724445,20844.261191042824,3206.9556118745
1673488800,20863.377826523236,20864.857494851465,20858.59936874471,20854.75471911649,270.64619979561314
1673492400,20896.90569686873,20905.675221205558,20894.622644690196,20913.307941415213,5059.466036311274
1673496000,20850.64344995803,20854.67494252435,20844.506972972613,20850.139703407694,2620.0094804815058
1673499600,20781.976385237882,20826.627763801753,20761.496505188574,20790.78025067976,161.91365194373031
1673503200,20730.35265606167,20741.675457668694,20722.927611242532,20731.38649640137,7223.630341751005
1673506800,20780.097200565127,20795.302076095224,20775.721842657706,20770.387707805385,5494.158477544127
1673510400,20790.38009857233,20796.316912400256,20758.221929032916,20799.169313850645,9369.499371768452
1673514000,20775.349771161345,20795.18745852835,20773.351745408123,20773.735472902434,7092.814848036754
1673517600,20812.4363035086,20831.741511771954,20793.685215720237,20819.617728855636,6452.454267634298
1673521200,20921.35869503338,20945.113031074336,20919.287991542475,20918.67350427217,3906.648334305823
1673524800,21007.83187066207,21033.745137610375,20977.66233386818,21012.667431951646,2786.093414023826
1673528400,21005.46404254348,21017.060306746138,20989.244986994832,21012.977977517006,5581.831144751814
1673532000,20888.112747896823,20911.205174832317,20871.468190982734,20888.977709724397,8754.371678788119
1673535600,20874.039472174176,20892.717921331314,20868.038510846454,20871.820852400808,885.0680889434974
1673539200,20861.84350514169,20865.421987787704,20837.622825541526,20852.99237358734,1723.9541007736543
1673542800,20854.05051518388,20865.98149966596,20828.20672965512,20836.585275453886,884.5739740214842
1673546400,20891.803910364422,20921.716990028515,20883.88017956537,20868.516963786496,7076.734808398276
1673550000,20875.28386571134,20903.295636550127,20856.407126238213,20864.451717513297,346.48869799201793
1673553600,20892.8310836398,20919.071397995263,20864.162690851386,20869.536435647242,2512.652703547619
1673557200,20872.48916257441,20896.432802258947,20855.762606726457,20876.51450215977,8540.52984575902
1673560800,20879.380028760355,20880.982597704184,20838.817700576186,20886.506158158692,6746.979814107469
1673564400,20900.20675029719,20923.092982623577,20895.084466977365,20905.502374078616,2273.209200284978
1673568000,20887.529085960698,20891.998593781693,20884.254596533676,20901.69479876831,7584.798073586161
1673571600,20885.201279629528,20890.53734946682,20842.59809892161,20871.57781926332,8675.954358465267
1673575200,20860.35677031274,20869.006573582436,20855.121367588017,20859.45113980771,7246.788928623453
1673578800,20863.136021795162,20876.81047403532,20848.238712996008,20866.957908773136,3528.2812247449333
1673582400,20951.2879414808,20951.79910113493,20947.469994409465,20944.317303433654,3400.387015801281
1673586000,20892.913996555068,20924.424516715295,20882.776896213396,20892.58395721208,5512.906292875737
1673589600,20915.84766891506,20919.42646044777,20911.418168124972,20920.419500901622,1043.3099203336967
1673593200,20971.593148203046,20977.820673163467,20945.97250381069,20965.7840713386,6458.181171099418
1673596800,20984.41280622347,21001.988358456972,20965.660796981025,20979.06654279783,9940.075536211325
1673600400,20979.287762440432,21023.30029632359,20967.350586261153,20984.63992587822,5281.2714023571725
1673604000,20999.058895275368,21036.673625258754,20995.0296160445,21004.46930830928,8420.090012173585
1673607600,21007.46144051973,21019.77735957803,20999.997109266882,21020.85070936506,4742.790785631632
1673611200,21036.47230778144,21062.33254943589,21023.425063402607,21032.7198474303,2273.582778126359
1673614800,20967.176395984116,20978.652489660122,20957.181457623745,20962.40691422155,8862.808101406063
1673618400,21003.694320108392,21014.48257424921,20983.46664733406,20987.463530190245,5384.708989261859
1673622000,20969.279499520937,21010.168218059163,20962.092503461372,20960.57338592353,2320.395200292789
1673625600,20874.583093483867,20877.06104992063,20871.539456953327,20877.56374319108,8632.514553433502
1673629200,20842.930712476704,20846.617999155045,20841.29123228927,20829.239677911828,9914.091451172344
1673632800,20902.57630083221,20931.4031621164,20902.567819980944,20904.557282190162,4427.426377185679
1673636400,20973.055095673288,20978.411492698666,20939.49013266512,20983.51673094122,8411.373053895915
1673640000,20960.02408867935,20973.795238909748,20953.860139964778,20962.749478938746,6590.1618974392595
1673643600,20979.40176149548,20990.562592967523,20957.40690292649,20974.000601179458,6870.078150342707
1673647200,21013.224258122158,21042.43282898403,21008.02339958486,21018.091569139262,9043.483024741872
1673650800,21038.083751839084,21079.394173793182,21029.940809391792,21021.182563691804,3097.666002622059
1673654400,21164.09363995472,21183.259703125375,21154.989964807424,21167.135989127717,9543.199095122001
1673658000,21051.17754761893,21052.869818436702,21008.837353626164,21045.361939440267,3573.0159011549067
1673661600,21064.797460530768,21093.650651145203,21034.040817333822,21068.756875927425,1190.2709930612825
1673665200,21054.86287199413,21071.788068898244,21049.929120020435,21060.383447937667,4616.015015800387
1673668800,20994.291904037924,20995.242124735327,20990.581852167437,20984.35951950073,7561.618239912582
1673672400,20919.631523402506,20942.621852307817,20918.927406033188,20882.674547440987,2526.244602834629
1673676000,20987.431400761623,20997.269100440433,20964.430022605717,20980.48526886161,868.9551156992068
1673679600,20957.165565686857,20965.674570818486,20945.06474593006,20965.744836554495,1802.00121844492
1673683200,20926.872030983184,20943.742314329662,20919.19190559583,20910.93944554038,163.42810590545656
1673686800,20915.3852723146,20933.427271943066,20895.669574797263,20902.01321900404,8941.413383035171
1673690400,20887.782557396986,20915.47704701536,20884.867123278415,20899.004655823912,8329.096260423681
1673694000,20883.303868421157,20898.467054462908,20866.908783437,20890.535933638213,5198.513477429278
1673697600,20777.906264164238,20780.575250560694,20767.570434066045,20774.70198081082,9602.318806763207
1673701200,20813.461403219913,20831.65870946617,20794.55098558013,20808.34098939651,9102.425533512423
1673704800,20846.83036818016,20868.78994933332,20798.474138724916,20827.046279970575,6283.930715941544
1673708400,20876.005896148225,20877.264581465402,20848.96320862406,20890.06645034047,1431.8080483190563
1673712000,20808.73103672255,20825.308614608253,20779.806557311014,20820.899215788795,1806.5610452892045
1673715600,20780.143228274603,20783.728599017308,20736.91685972325,20781.96696575306,4898.450547557554
1673719200,20708.663805436427,20718.58515738813,20694.807302777186,20715.859904836932,5130.175312796574
1673722800,20830.42787320569,20841.21850463733,20778.89505743429,20822.59962909164,6313.426452980743
1673726400,20881.237283812126,20898.97983846533,20874.71154654561,20869.07164025114,942.8202086206267
1673730000,20988.829190268272,21002.37585469775,20972.29609101247,20992.572730784665,3202.0485014398273
1673733600,20875.56853387745,20878.289744138074,20847.30805759616,20875.085126569316,2536.057321099796
1673737200,20867.030920225883,20887.751600892356,20843.51174051262,20876.398852480288,9528.79828523954
1673740800,20924.949685197153,20936.50507494201,20918.62068142284,20912.74989016699,917.5297236059077
1673744400,20912.74453853512,20940.954040511497,20892.069892420524,20898.75085365626,8928.298029705702
1673748000,20903.847971581796,20909.327301430247,20863.97978450781,20916.70613016386,9898.646202687789
1673751600,20899.200844827985,20906.073858754822,20885.340820930593,20916.84021771454,8146.382374600763
1673755200,20867.802766318076,20873.317722150296,20825.81956390886,20882.15203695957,5197.732573528645
1673758800,20901.751847547028,20941.107633114534,20898.07618298795,20889.866326219086,6905.480175597096
1673762400,20899.58839917567,20905.346402612566,20890.748593997418,20884.11465420387,6906.989397627355
1673766000,20919.058365679673,20920.55786508201,20906.77303281718,20917.9821119623,5403.712768280189
1673769600,20962.699463773133,20979.769816147127,20948.569317120273,20983.952764880356,381.9433207807454
1673773200,20972.739863234627,21014.732728666102,20944.299573778997,20985.92873555129,9649.491514305842
1673776800,20915.927834821036,20946.826672214414,20907.16341600736,20903.228185568074,8170.344564218069
1673780400,21004.163429441818,21012.731620842333,20974.137128187765,20993.479793237075,6512.836210995028
1673784000,21065.23223585387,21097.99514238432,21027.843067149173,21091.254402245762,8292.297658065647
1673787600,21115.891418944328,21122.914691371607,21106.170711730727,21111.846962245836,5982.56078705338
1673791200,21095.68096560369,21118.856696710587,21092.562284542437,21111.234404117644,7367.06110049315
1673794800,21186.96249567444,21199.129665730026,21184.548306663703,21188.85201054925,1863.6479250430891
1673798400,21154.710292342992,21165.738751144694,21120.82705552512,21137.029392363736,7258.336954195914
1673802000,21189.218241110506,21189.28763741962,21154.414582618556,21174.847910049426,9608.767011937745
1673805600,21153.8810957464,21164.76473053167,21115.954811726515,21147.977513043916,9855.196206240196
1673809200,21135.32685091766,21139.722436555236,21124.197967938184,21136.431400460915,1293.804988561604
1673812800,21145.64769970803,21170.199927927737,21137.579837778216,21159.10513544488,4062.0548367409897
1673816400,21139.11364121941,21158.129966602304,21130.54600141672,21135.867609656285,3228.5023913310893
1673820000,21202.240074874186,21236.97163580785,21170.49626629811,21210.810095487177,6111.68367913285
1673823600,21213.124539662276,21237.782934012535,21191.62359908953,21199.96400336382,3979.834284684916
1673827200,21160.43916138534,21162.398597899628,21156.307602174085,21151.582508240597,7883.269791693977
1673830800,21141.706955941267,21148.547040189093,21118.205118911294,21155.31446518806,8594.057839911291
1673834400,21233.608159978576,21234.477909102312,21233.60512516106,21239.288124423845,6070.035623112581
1673838000,21193.06432518143,21207.239092391043,21189.469878606094,21194.332546450918,9710.175803892182
1673841600,21226.471851284,21235.74950722644,21203.252035989997,21223.23630341175,1689.932765112656
1673845200,21158.809206398382,21176.128011151588,21135.76805484577,21154.239345593855,3830.2440765025544
1673848800,21139.275036278483,21142.726406505313,21118.68104656354,21143.677587241888,7751.788522583483
1673852400,21160.59814087661,21174.798931301277,21154.073448837968,21157.911130263383,4512.114005433174
1673856000,21178.689724189047,21200.073233195082,21158.716149912623,21187.609176864014,808.8543766680746
1673859600,21254.3811403524,21263.632482598223,21224.154880461127,21245.604037095094,9673.312755423862
1673863200,21294.76720029059,21312.567418953106,21288.2556273192,21293.975110478055,6498.858759091154
1673866800,21251.270669875405,21260.853957720352,21237.794186992283,21256.037266101022,3634.9920654199154
1673870400,21247.192494324994,21250.856985736333,21244.958278709022,21265.366234433808,8369.139003763896
1673874000,21255.96126114026,21285.28480655444,21241.366007640132,21247.752261367983,7979.572730538926
1673877600,21241.05360443638,21248.97223252681,21226.187595715535,21257.160060040504,9184.041454835535
1673881200,21184.613708936835,21189.347041581652,21182.808929256404,21179.703792813005,7793.143520988134
1673884800,21165.255814859775,21184.42112102153,21145.391547633626,21180.454821464944,1013.248015611936
1673888400,21143.133001773418,21151.08716463241,21122.79742776037,21133.66215793333,6707.677695067932
1673892000,21207.146454434547,21219.989867638193,21187.24548437465,21194.98501899517,6086.7831627692985
1673895600,21193.6774569866,21195.441874310443,21183.072480759034,21189.54451386538,9708.42582428773
1673899200,21218.62821642822,21232.830303174265,21207.437193700593,21229.179385796793,6432.520775755591
1673902800,21328.171409650546,21333.763455334203,21323.44219229566,21330.994916325366,2709.8023208452614
1673906400,21373.20102647569,21389.312743341863,21369.87397560365,21387.218589546283,538.0243782760347
1673910000,21366.84815651571,21369.715494467746,21352.115254843095,21362.095523492208,3085.7379205116818
1673913600,21380.509856608573,21383.656953513375,21320.549915042884,21379.907380852772,7443.646819543894
1673917200,21449.609811279635,21449.752064597273,21429.505356937414,21450.001563791437,1067.1601163055398
1673920800,21448.54467152209,21452.646228417827,21391.54486343902,21456.9487954905,8437.80374682341
1673924400,21372.381969673035,21407.132677838366,21369.648369756535,21369.40659559992,9806.037822406955
1673928000,21369.569619031736,21386.130601381563,21363.189425898614,21356.262177902747,1680.9868446167832
1673931600,21400.28578682912,21445.97272581251,21388.28105034484,21406.98861013955,699.9803015014081
1673935200,21416.137697028946,21420.234673304174,21397.233847924264,21406.26413444057,288.9630852811194
1673938800,21387.244028817953,21391.773520598872,21368.691069066062,21384.287908074606,2341.2381637418835
1673942400,21439.551951500536,21458.064479820157,21398.384910980567,21447.377043326385,185.30948407649413
1673946000,21363.896913054006,21366.176565473757,21343.22472164246,21344.78113253708,986.6114849805048
1673949600,21311.77864068442,21341.03051509303,21266.64867578312,21300.943726252928,2782.3113026749215
1673953200,21293.44479529905,21295.48824232701,21283.543091126907,21296.455834079225,4026.906730510251
1673956800,21181.996491331553,21221.76619606315,21178.639217495383,21189.529452232237,8182.716146955072
1673960400,21176.78336703087,21186.52821026037,21168.065526987146,21174.833428793452,3653.264185883368
1673964000,21155.627910467898,21200.836566223563,21130.374497367164,21161.99921026438,1583.818268269773
1673967600,21301.262336393702,21324.943173361247,21298.885089997093,21284.408649789417,8715.692076041667
1673971200,21326.57099808848,21340.663071286996,21323.399479002546,21325.001247704484,4320.043384147089
1673974800,21342.45178769553,21351.62445870106,21326.69888103889,21331.496151185223,2113.001464079817
1673978400,21380.111384390562,21381.89149740606,21369.158200168833,21388.878659511938,4226.299637050804
1673982000,21400.22243140829,21436.281436454654,21393.39142845151,21400.82780019158,8024.193923747253
1673985600,21462.73394485443,21478.68865249051,21424.09067008887,21456.851261900174,3869.581980993872
1673989200,21411.741524723373,21433.438763031794,21407.446058080142,21432.138859037103,881.2109953658498
1673992800,21485.027735093507,21488.771404295956,21463.10998056919,21489.353885878623,5779.083970530605
1673996400,21564.903673766632,21586.983200997784,21547.645227280416,21549.605382446178,4164.795551816855
1674000000,21540.08677852581,21540.8392477149,21515.835344596693,21540.9486541858,784.0485712765677
1674003600,21503.725999531154,21519.09873168393,21492.00125766343,21495.173303350046,7545.013222598225
1674007200,21433.39614812507,21438.696385321964,21423.274515358502,21438.268568153206,7719.052085257537
1674010800,21401.33533636246,21442.624418989344,21389.28127078834,21407.712509921887,451.1069401206837
1674014400,21330.733060842023,21359.04793893196,21316.13616703213,21320.6448605497,8578.435597014832
1674018000,21339.909688575975,21385.585062687805,21309.61850365138,21344.17509240647,8792.640486444665
1674021600,21292.023305903906,21318.04052992818,21291.420897147254,21296.30002148022,9265.038216782255
1674025200,21260.092179175066,21262.257464235758,21233.662447627765,21265.685134914707,9302.264944407663
1674028800,21218.56186702559,21236.50005212402,21211.13424393537,21213.88179616167,4714.867238939859
1674032400,21252.02504528987,21289.136331982874,21217.77183067591,21247.73881042365,3832.4209747332493
1674036000,21215.532163107917,21245.22048699541,21212.168529360402,21217.48249381696,9986.61552870029
1674039600,21145.441403254015,21150.17430278275,21126.537901417843,21149.597025892934,9941.875827353872
1674043200,21170.88330438096,21189.95862235432,21161.892995136255,21188.677223229166,8000.830923206187
1674046800,21142.836059661047,21158.91229492906,21110.11966280844,21158.26484447251,4291.66249149277
1674050400,21217.498504861593,21240.41375438838,21212.149396661644,21210.248544937862,4159.007299637646
1674054000,21218.589314286113,21263.226122589072,21213.108195807883,21214.848389235856,2606.6064590489327
1674057600,21248.71109211214,21266.839350937033,21216.283413700803,21262.149169778462,4167.230914499203
1674061200,21325.337289918178,21352.151794666708,21285.122417615614,21322.368651676035,6703.966245265467
1674064800,21296.941605173775,21304.868609239413,21274.300453775373,21298.787135559993,6208.638137801559
1674068400,21347.536349710597,21354.46120980475,21326.595562794653,21353.129823996427,5246.784584962387
1674072000,21347.06361848215,21364.47894777762,21328.013936479085,21361.08453506477,7985.06865872001
1674075600,21282.006444491504,21311.013327568646,21263.73223023266,21271.021727327257,2858.970648307516
1674079200,21314.74263223006,21342.17634095151,21310.533746775745,21308.921835635945,2488.919305600001
1674082800,21306.208980744686,21308.73243073249,21283.57711733148,21324.492545398996,8756.140045430691
1674086400,21296.203815176625,21325.96061110773,21259.16817114303,21287.256633035708,1017.290904408096
1674090000,21303.298905083215,21313.30425274501,21292.397496725058,21300.064391397304,2778.08770771792
1674093600,21266.831938716787,21272.510546273294,21250.53089679012,21276.66230642175,1893.859720797835
1674097200,21244.5598140794,21253.980360074187,21237.365106739,21246.184416397613,8482.61309763919
1674100800,21291.247793944585,21300.551471978113,21284.657716377267,21287.567857449787,9151.882314589955
1674104400,21287.901523972785,21315.090479206774,21272.11425512791,21288.019819255627,6104.250227719421
1674108000,21230.72075256598,21263.108111836325,21230.496377394786,21218.796432213825,2108.540031280776
1674111600,21373.692880859602,21400.511481275204,21348.381181210872,21388.269133213398,6939.367762756318
1674115200,21422.411721814082,21441.4201144465,21400.67268402787,21407.479754443397,5579.88522153046
1674118800,21415.237914030764,21420.04437635532,21386.137966604918,21430.13609823222,7545.140184819909
1674122400,21413.7691293998,21429.256333803623,21393.398375281813,21437.571541431174,7888.014914776133
1674126000,21328.69218836389,21343.37360592956,21315.887038698354,21321.644915445497,8874.14158297643
1674129600,21334.83389616766,21341.39335849576,21331.192856129568,21319.744178724963,8561.470678564943
1674133200,21378.752820493442,21389.614295340845,21361.550164473538,21392.667650765325,3379.77213558166
1674136800,21382.815081153174,21389.847965881407,21379.50448514802,21363.48028506466,7663.56105183171
1674140400,21386.036706027822,21391.101025162225,21369.468227341687,21396.07703391452,809.7684985398489
1674144000,21323.413078993402,21324.45659743592,21312.318736706315,21333.65555206046,7368.691180160935
1674147600,21297.251986236522,21327.870828461433,21280.65947639985,21292.528918757434,5263.833463014503
1674151200,21177.791615159233,21180.80405443972,21149.316022576106,21184.318472212108,6896.936923093382
1674154800,21107.369772472484,21122.163722502035,21092.834190297668,21093.874866201313,6116.251188216573
1674158400,21127.033813335795,21154.3234595172,21115.679203251766,21124.457732162315,9372.105466194696
1674162000,21164.98505533046,21189.891536057792,21138.908116241262,21158.953980556613,5083.916002960247
1674165600,21202.66356258027,21211.36643592734,21200.28307938714,21194.607282915615,2391.2043653284823
1674169200,21144.330353455804,21145.476358394684,21130.651487431325,21144.245440221475,1351.9447219984454
1674172800,21117.31651779548,21143.39380684356,21101.15122608808,21124.14079804469,4405.55486860864
1674176400,20982.123575310863,21001.835686169943,20933.529581841107,20966.57715418984,3127.4147472136356
1674180000,20970.03921436571,20995.895626827874,20963.582923364313,20979.123287233753,7929.990328829157
1674183600,21005.618115028494,21018.432429340057,20997.93453186125,21006.617193096616,2851.0119697754885
1674187200,20985.05082790438,20987.95523449485,20975.160438398758,20978.37925228964,2743.254428278996
1674190800,20907.07670228263,20927.95833140433,20860.4762654129,20921.98261307548,3535.7573985551667
1674194400,20915.18331538622,20939.265437158047,20884.54913987593,20925.055330139112,8555.781561515116
1674198000,20855.832603058174,20871.827180177956,20854.060369810417,20856.71691393,8652.16580823234
1674201600,20845.24005235025,20870.79274131588,20845.21529900668,20828.587237124608,8679.498075944075
1674205200,20871.426417599796,20881.25883492297,20870.886663251087,20886.656052760867,3839.0902174097496
1674208800,20780.113492339256,20781.412210869523,20764.156291889645,20773.46288970401,1502.3608906025129
1674212400,20739.359645154243,20739.477323372274,20736.56067063788,20733.102141206116,336.54894365834946
1674216000,20738.0261762698,20745.313404704786,20733.006321895242,20749.91443517987,3013.0481224842106
1674219600,20753.990431866812,20762.577540065613,20750.869665138176,20739.73021473439,1069.0356018335515
1674223200,20732.47858731302,20741.89371015002,20695.282916083106,20721.250518590386,3435.851681440071
1674226800,20731.82146724598,20734.506114681597,20714.5822761056,20731.34276035445,4911.823768999315
1674230400,20757.053863553618,20763.63453660376,20748.70552456836,20760.38019474662,9575.77921071948
1674234000,20785.34550841248,20806.910652547598,20756.29655801051,20778.857774365875,999.3847573226326
1674237600,20768.860980159843,20824.872871490476,20766.9597337289,20769.327464411635,229.6374963383212
1674241200,20778.725522723922,20796.99935663325,20760.33337592753,20762.551204452106,4653.969388930319
1674244800,20707.353585388788,20710.929143325706,20688.29007772268,20704.15161478687,6861.371771738156
1674248400,20745.636154610547,20755.098895743085,20730.843135945357,20749.941195118932,9661.737974481668
1674252000,20724.938099277217,20733.621470804563,20720.189175109812,20741.770205460653,8258.088497841236
1674255600,20742.640707881117,20775.0114775825,20737.34989232622,20732.448232255003,3091.310183010265
1674259200,20772.87532315139,20776.286543635506,20766.90718441636,20769.68583478439,254.53750097396272
1674262800,20737.311235589175,20740.39114930344,20723.633399853657,20743.037099876656,9252.20409313651
1674266400,20765.82668458358,20772.468337595754,20733.45742929121,20782.690376086248,6001.769073155376
1674270000,20719.99872198653,20738.581948793566,20719.777501381017,20730.770191359803,2228.0518524530844
1674273600,20714.15873996162,20721.393382245893,20670.165976277112,20720.345468679967,4244.867120063724
1674277200,20706.28915029405,20724.15240732158,20705.155533694702,20703.162435734273,1335.406243855107
1674280800,20726.018570708773,20732.425752571984,20718.541299747976,20739.02132738589,7279.498129011078
1674284400,20741.008953707467,20743.797748742298,20731.64187359038,20736.674467103945,6869.99255001511
1674288000,20769.420061563174,20789.041820975162,20761.610183355522,20749.244123048928,4748.256283031947
1674291600,20765.35651526651,20792.62425129511,20754.44725666828,20756.967365658704,3481.1459124516837
1674295200,20746.073278887052,20751.879646619404,20726.697229839894,20743.145345884004,3228.87013920909
1674298800,20758.537986719355,20812.992851071507,20755.996783556708,20756.213331021867,4364.580643272635
1674302400,20734.802134979516,20758.65828888484,20712.270635313034,20711.950418514938,7694.613956102749
1674306000,20702.24334795184,20705.70432006299,20680.683079137703,20695.872083232574,7643.351936836553
1674309600,20644.199147887248,20682.61103895194,20641.79768089628,20647.86018996418,3197.2461463740324
1674313200,20718.410514348216,20745.508991521656,20683.864803166703,20694.658431501448,7519.4957047577755
1674316800,20661.966838347562,20665.24151650276,20646.547847584072,20654.783037600984,1676.17960501876
1674320400,20680.03752040037,20684.353971923025,20656.769547429925,20682.274984702988,7427.996913975378
1674324000,20664.847344709295,20706.325194418077,20660.889560921984,20676.307809613983,3318.5472044352023
1674327600,20698.86441092614,20717.261957035633,20689.7506361305,20706.942938251916,4681.820639283816
1674331200,20702.292012955346,20730.63135200537,20692.98048126901,20702.511853443717,9534.571545769924
1674334800,20686.89053376121,20692.357333363845,20673.224041100682,20690.892404871604,834.910293206703
1674338400,20671.084163513893,20729.503721244022,20656.575096550117,20681.164078932386,1009.6373892182038
1674342000,20669.891117185485,20672.283016037898,20650.182586178606,20653.059540042424,3145.687846661126
1674345600,20634.798050847017,20660.933975993397,20589.027977998423,20636.993914838786,730.2458049385732
1674349200,20614.98200714783,20644.39398719818,20602.121948627788,20618.693290947846,9863.105621858034
1674352800,20588.786671134094,20592.216724857866,20580.636929804983,20601.366204836584,3614.6200769119887
1674356400,20607.157111813467,20608.99478061126,20597.889211482998,20631.248570408152,7692.064796401881
1674360000,20631.49836463661,20650.308593115817,20621.13166473703,20625.645697195137,877.2785197918624
1674363600,20625.091930454848,20630.44169537677,20595.2511346426,20609.11350326059,7175.810054554844
1674367200,20640.30786379985,20645.99012196908,20636.081597550732,20642.581606799944,1698.5252848239074
1674370800,20764.35023112922,20786.53894202446,20748.017809968456,20773.395081131493,9538.131013484035
1674374400,20859.266164329256,20893.93803196817,20841.938541635456,20855.743489189106,9504.419685113768
1674378000,20903.307540117443,20908.357352485236,20894.041512218213,20907.188660463522,8432.97576857
1674381600,20933.63258378825,20935.000119643024,20925.29097932378,20936.331930286844,1576.7632096691962
1674385200,20979.66323956177,20981.649654414185,20963.87850370645,20973.50797765081,9770.744966892245
1674388800,21009.539461334716,21051.56919472391,21000.22420795368,21010.97223234687,4811.2553194497395
1674392400,21100.548544069632,21128.78302472643,21072.652239004055,21090.11019618267,8248.638659406817
1674396000,21130.863038787043,21145.32059610762,21112.567041405553,21139.769416443844,7989.714676853271
1674399600,21124.662002418998,21129.069385342395,21087.70539237811,21143.460717670652,150.60881101261776
1674403200,21084.843706528878,21092.233188247068,21073.5970650128,21090.124380450474,6337.3113421035505
1674406800,21066.401508284587,21084.37009272148,21048.479388551634,21060.50643461529,4353.66369517734
1674410400,21035.12367954364,21050.202883261292,20989.695465768727,21042.142620680257,866.371554904014
1674414000,21081.4972886847,21096.442018615046,21069.598351246623,21081.364050306234,8607.266129354151
1674417600,21198.847298569603,21206.283875079647,21156.493018521676,21193.436786846,5525.977220739768
1674421200,21262.464382614053,21262.671688059785,21251.33551944112,21254.21807881315,4056.531625334222
1674424800,21391.182684268268,21407.131067223094,21387.393842291727,21400.118635185612,1418.5840711224212
1674428400,21343.520527137232,21351.68379164142,21327.077686735433,21348.339731873697,6300.094035664453
1674432000,21334.9138261745,21369.147540811697,21293.36547798514,21329.181321368364,5784.792038338944
1674435600,21358.021382522034,21364.253861365345,21349.621762328403,21375.2409380315,9006.605959809687
1674439200,21344.50399104591,21346.533516352083,21331.81083534966,21334.660551940437,6448.544810210722
1674442800,21286.683957316058,21330.66991620367,21259.654907525586,21301.983444758134,1616.6589958608258
1674446400,21321.703334334965,21326.041167803618,21317.930499864775,21319.31154113442,8248.533364641484
1674450000,21343.73771789513,21357.119881219136,21332.956201200035,21353.337460493458,1213.3267813938073
1674453600,21446.44892393136,21473.601618183395,21410.916926775666,21450.673592267805,6302.725088546298
1674457200,21422.020843740116,21448.116749399447,21415.77486056586,21424.47997859604,6860.1026300449
1674460800,21385.96673307189,21391.577312234534,21367.497586281912,21383.209475260144,1300.330695128927
1674464400,21419.35321361742,21439.435034877377,21401.67403756937,21418.865123074473,1501.4146881300646
1674468000,21475.714671596503,21489.36943737127,21447.29202956841,21489.935590804635,9042.84046548086
1674471600,21484.878337237707,21533.091561379606,21473.464938509536,21475.712303588596,5627.219746447649
1674475200,21445.34872007469,21469.994995835506,21437.747386146668,21444.671566898254,5667.422729186612
1674478800,21426.34148062977,21433.87997492183,21417.650663382927,21435.269353359025,1028.504568871061
1674482400,21374.343571481153,21394.579705530126,21345.1027216989,21355.09809672836,2209.3665045011085
1674486000,21373.427566438608,21385.28395851983,21335.540284445993,21379.15316206328,4215.515254246235
1674489600,21374.637638740813,21399.45281864054,21366.651567817968,21366.53687618817,8031.150559094713
1674493200,21378.606569450483,21405.219262232848,21363.686338292362,21377.22275593007,2085.5229860699246
1674496800,21297.536653420906,21298.392941438462,21273.434326564893,21303.316861920262,9818.453123515928
1674500400,21300.743992507952,21329.512313042578,21243.22416242998,21291.04211546699,8218.317077558608
1674504000,21318.484210509465,21339.99126649627,21285.804814814044,21299.806971572332,4889.1835124540385
1674507600,21291.253314098016,21298.915141120964,21271.489979905265,21279.72407541998,524.2048236933515
1674511200,21250.829307899086,21255.492325318668,21238.080076946513,21254.599701320694,8621.056927991016
1674514800,21300.571336314522,21313.153568824415,21296.790918439754,21298.020658948575,2297.094795720979
1674518400,21307.36702047884,21325.41536085616,21272.439548500144,21309.93593092746,3014.4658808998715
1674522000,21401.240912638757,21409.925130653657,21399.281337253396,21396.582935782077,4205.156308761184
1674525600,21445.99141281386,21461.487888279433,21436.643034125602,21432.091633872988,5771.129823996933
1674529200,21409.09270808863,21422.119641155772,21386.505466937302,21393.181839639878,6285.048805683178
1674532800,21436.494371682846,21439.786697232434,21427.988371027997,21430.72451311162,1879.2304802769836
1674536400,21380.37247531485,21412.96291440866,21370.97234777952,21384.295549052968,793.9281010286784
1674540000,21409.988759234217,21427.076029636773,21380.4704719928,21417.470453283306,1365.095420272017
1674543600,21359.41697044308,21399.945657232423,21349.491096822938,21349.329808374707,1379.5080320553236
1674547200,21317.064066802075,21336.993266612408,21298.73369067019,21321.746101159046,9756.782584426379
1674550800,21360.721604507587,21404.59105863313,21352.743893081464,21370.876583447964,9203.566650272953
1674554400,21410.982714207006,21436.921005745877,21399.118865901633,21397.04068888366,9411.24752060557
1674558000,21428.454607832977,21443.689417298956,21399.341621331136,21423.882693483753,7026.337889734069
1674561600,21386.171088561583,21415.013265488586,21384.982846093513,21393.05383533671,8722.764783141127
1674565200,21465.582233232053,21466.717171923847,21430.64540778227,21468.939286765297,6253.575545392055
1674568800,21525.935486306535,21529.546049612734,21505.73650718165,21523.649921483324,2817.09566213805
1674572400,21542.48626497778,21550.270902788427,21538.100135790468,21536.668599750727,9484.598502832829
1674576000,21572.759758351538,21580.231964074675,21555.39799818326,21570.36875366374,6329.4813831518695
1674579600,21581.148891095294,21592.660756089175,21574.08537730415,21590.76755798099,8077.079200338503
1674583200,21644.388314076303,21663.896529964964,21643.90682869371,21659.631880750254,9646.263115439913
1674586800,21699.788613867,21706.482942453204,21688.12477277979,21699.643762127598,5391.3041923265355
1674590400,21732.319544015532,21760.65754665321,21723.553748561346,21745.485602029326,6532.919817472447
1674594000,21714.01270563763,21721.322830454166,21711.837803522547,21693.790033516645,3774.2386325951693
1674597600,21689.082001432904,21715.62972348917,21680.3574258996,21693.93076177828,7109.062503881861
1674601200,21785.595558049146,21811.740166487845,21775.946293513578,21777.392323770164,2552.037051742914
1674604800,21785.69488332984,21820.519772874268,21768.20369485594,21785.78878087205,1354.6299728380252
1674608400,21799.2893331102,21799.76367547528,21780.66156255146,21802.2781373519,9304.337624210428
1674612000,21839.219276998418,21855.68821018788,21832.494973810943,21834.934037173767,3652.11973639032
1674615600,21956.1751105217,21958.252784438373,21919.852214174665,21983.131523386055,1612.6858836792328
1674619200,22060.205500748245,22080.028975645215,22047.618567833288,22046.847972387885,4590.289983034939
1674622800,22094.248141467517,22106.924536253915,22087.2529881488,22099.88066396916,8234.445966397574
1674626400,22121.186002827573,22140.30271670288,22115.25416810527,22135.32803158388,3649.7586280516525
1674630000,22073.42385061941,22107.018916425874,22014.96595248096,22060.90643833586,2929.16670790826
1674633600,22155.56358380863,22181.048705031324,22138.483364084484,22155.023818723108,2796.0394318691547
1674637200,22160.140876696714,22169.679326344183,22144.273837010645,22149.860665363696,289.0088958861606
1674640800,22201.09304597529,22208.11862201338,22198.72507582784,22187.452123857176,2982.8727929358915
1674644400,22294.160720321426,22322.85498322728,22284.616927193783,22289.3855005512,5112.145642548741
1674648000,22312.129177906936,22314.547970536736,22264.124059013862,22307.700258025547,4473.382981947372
1674651600,22362.730240973906,22384.693387048937,22341.09594067226,22373.192442063315,7708.728254294447
1674655200,22415.111019331012,22417.769168949748,22396.087967843756,22422.17602915231,1078.8897351188136
1674658800,22404.52654653393,22441.228266350845,22401.756652635464,22417.169824740315,2810.8384246703577
1674662400,22339.908667423482,22377.216321116386,22325.6819577997,22328.28419342859,6897.983444305218
1674666000,22348.6371130562,22366.6579255734,22345.968721425448,22351.09976738063,2097.785629502898
1674669600,22310.6258674553,22312.377972294562,22298.311866081454,22316.45994003237,4433.422585563672
1674673200,22349.881136411146,22376.05499679872,22336.40229866243,22368.397289558172,9037.295981475536
1674676800,22336.75180597313,22340.98655735615,22326.444285974136,22336.451864268918,5007.24076494225
1674680400,22254.558908062416,22285.593373710926,22248.333887105007,22259.89439862524,9881.166590494224
1674684000,22212.175527829855,22253.317954758724,22205.355047191104,22235.157120070948,3845.579430545448
1674687600,22160.906551076147,22167.344623472643,22141.33058362956,22153.245666340306,7969.14286970956
1674691200,22182.603773318402,22209.67343275439,22165.03584583281,22177.12491223723,3905.6746789294943
1674694800,22100.167916064358,22122.301782676583,22091.019757539758,22092.333463635045,9152.367494687636
1674698400,22212.569459054124,22218.045645379272,22206.095100398637,22212.495457473247,8017.938384303163
1674702000,22182.89615093693,22198.19228594559,22181.582595420998,22160.226114975223,5945.148879243015
1674705600,22187.867548673526,22218.83960313774,22172.54822716319,22196.36493266657,2654.742823384965
1674709200,22171.974103789802,22179.455454734434,22168.33113557595,22190.8841254483,238.99331594110078
1674712800,22166.516233475984,22173.955108957056,22145.21532739267,22171.567260161635,5682.091513184104
1674716400,22153.867350907654,22163.214763893437,22146.874926980403,22143.24438046522,1249.8511244083056
1674720000,22215.05318527687,22216.163585832604,22183.946489334143,22219.317585339097,3360.629164588431
1674723600,22113.84098883737,22144.537654307096,22102.602804453647,22122.19249317649,7260.094949767503
1674727200,22155.38249954198,22183.84086252998,22134.460770169604,22150.313622995487,9234.18557931432
1674730800,22069.45458861762,22076.576173411562,22045.028987194117,22063.08615783908,903.174706959437
1674734400,22110.348911763867,22123.49322503054,22105.18187659625,22109.83362447812,1441.9188568493432
1674738000,22115.98754692813,22123.392088042958,22109.38365283306,22116.868437148278,4366.047698595069
1674741600,22160.29899704585,22178.99948357541,22158.516087955475,22170.271764935926,9110.934081124567
1674745200,22223.002654628854,22230.617466077234,22200.587900285795,22208.161405099323,2894.1292315653536
1674748800,22283.340684435636,22300.328177293166,22262.54933049895,22276.709041833798,6106.65704355799
1674752400,22251.850412304146,22267.140155062745,22229.280083009467,22263.849286467957,8942.757917444897
1674756000,22262.96628850499,22278.078691541086,22262.32920402946,22261.82541860109,3965.8015601061943
1674759600,22272.47317084405,22287.10356209684,22267.967104542786,22260.94124890209,6067.750316445253
1674763200,22296.377198674872,22302.692166103312,22280.867886236407,22298.176637409506,9264.258285057078
1674766800,22345.536930567294,22351.73906775229,22339.255123050345,22353.3344386176,7179.365961521915
1674770400,22415.046499464534,22444.036678760105,22393.54260479295,22414.80836965757,3392.728449277788
1674774000,22447.703125657026,22459.449561150606,22440.579592620245,22435.64955025022,5306.433516651705
1674777600,22466.756526911115,22486.506387384517,22454.801899051774,22473.864695064614,4999.457482142123
1674781200,22456.486307033378,22462.942098254996,22455.787047826878,22453.71033742045,6329.074396286756
1674784800,22425.55528901999,22449.123442506094,22413.792018527303,22412.742312018916,623.0262384987252
1674788400,22468.56489839738,22471.104577032267,22442.95318460143,22453.335609341506,5126.398490448633
1674792000,22522.631853383868,22558.79740084563,22518.22065629665,22536.435740537458,3127.136807375241
1674795600,22509.1294070057,22525.505050755015,22477.180700692083,22501.04626488629,7640.202139477527
1674799200,22533.978334198135,22540.362636269274,22517.25174806498,22534.71209472227,4508.5750696653795
1674802800,22599.730704828406,22602.426018857397,22590.244200676232,22589.81874111576,9567.342677482984
1674806400,22577.526952713,22606.173144138014,22545.7841505097,22568.60650337916,3902.7473651021305
1674810000,22573.306084965636,22577.864317678275,22568.400579087895,22559.385004081654,6290.85290676076
1674813600,22628.70629315462,22637.006625637325,22593.818053813968,22619.615826877834,8187.110166299011
1674817200,22607.789166429142,22626.672733296957,22587.321256268777,22599.886791255696,5050.039432939907
1674820800,22690.094146887852,22710.034579542065,22658.165592235247,22690.750867024963,638.1489288257227
1674824400,22733.31821690179,22780.370012475698,22729.911522773502,22738.22703660051,6697.077492438729
1674828000,22735.668715497235,22739.843955554006,22717.954537015743,22738.561442284226,5260.441569192531
1674831600,22811.66328345492,22833.58824486939,22801.86181158867,22813.268892887583,2215.356602720956
1674835200,22883.016894389482,22897.319852812165,22874.04781481067,22893.604752065967,5257.729681586168
1674838800,22931.60246305285,22943.895699956047,22926.284902039264,22926.908479538437,219.37542758493714
1674842400,22877.06108640691,22886.088058636848,22851.345737642314,22876.48029119248,9501.134102231767
1674846000,22885.7141690412,22894.26465429769,22873.490482708385,22904.584743641706,8738.040423269293
1674849600,22860.985049589523,22876.87436590451,22840.24199854411,22873.095396340323,4948.71239126569
1674853200,22910.311149548637,22917.584411735403,22879.23424135792,22900.89542084302,5693.361353108056
1674856800,22922.69998154024,22938.898924354442,22921.643730061052,22922.696500474656,1452.268093824352
1674860400,22982.108197330566,22988.022739926426,22977.17222045844,22978.85134813347,9072.57048197995
1674864000,23048.943076623622,23073.742200825054,23045.400397191093,23051.809082085885,4552.668711310952
1674867600,23086.75552979362,23115.0311502964,23079.442739812486,23085.751525412135,2808.639533512217
1674871200,23045.334425351106,23046.34676434945,23027.03428847192,23062.567663808597,4913.062474417719
1674874800,23014.462860504715,23037.47790859686,23012.223504274843,23003.882343456196,8043.363893128109
1674878400,23078.560525717105,23093.825459985903,23043.54171011008,23084.298563547312,3363.6552159143744
1674882000,23047.692540090517,23053.814550848576,23027.538405884352,23034.90110953207,4282.274411164521
1674885600,23157.066030376194,23168.10837597069,23145.536545456296,23154.801635752694,368.24443922129495
1674889200,23168.071985679748,23209.058234664557,23143.392505116142,23168.214095049407,9133.595337176308
1674892800,23151.248508691384,23151.49238730793,23144.245567334383,23142.0376479296,6960.639413997315
1674896400,23153.352365241248,23216.640077001728,23141.648547193556,23173.524658212184,7318.549250734736
1674900000,23162.51749979189,23163.98699280712,23147.601813507074,23160.333712011303,9877.664930867451
1674903600,23162.08845665331,23169.22034965865,23156.608607627364,23149.850195041672,1361.957613416909
1674907200,23117.703779477142,23121.274512428572,23099.42022169364,23118.787378744033,9121.532652231834
1674910800,23143.70066554573,23151.352553119108,23143.46070447658,23138.21236100203,2526.166355070184
1674914400,23136.69625311478,23143.994466294065,23110.130419728637,23150.970977343513,1644.947808831762
1674918000,23157.899294694034,23178.176758777183,23132.518796837918,23156.82399668939,6800.232872379214
1674921600,23178.836559305928,23191.05550200521,23171.493631245994,23169.444724557277,9680.650954599598
1674925200,23109.569489987905,23120.902579272926,23089.069731619027,23106.458411326228,2322.409178322033
1674928800,23080.17294765435,23116.939981099098,23062.793337168103,23064.96268159741,6979.011015040657
1674932400,22992.764677228497,23034.103747062076,22982.40471780814,22994.431377907506,8575.268235756259
1674936000,22964.025928203388,22994.105600847193,22960.11596493686,22965.813862837607,181.48532036254966
1674939600,22997.31563268009,23003.191423300017,22967.23958141991,22993.641481129707,4151.00261218635
1674943200,22977.907186637352,22989.9440325056,22964.754192385375,22978.64663039136,7419.734304963031
1674946800,22924.385669500647,22939.1228323864,22921.93490789403,22924.03407569324,4785.0486977893315
1674950400,22921.161180828705,22944.000282878795,22911.90904585929,22915.28068746003,428.1672611356788
1674954000,22914.733255745978,22982.60234228825,22896.6000427107,22895.582394131354,2973.106237947629
1674957600,22966.36017419281,22983.521299918793,22945.04758052173,22962.574746318267,1437.426347321454
1674961200,22917.825694560735,22937.808323532132,22894.36574373558,22928.167739483768,8505.286319960838
1674964800,22924.620782307935,22935.093564652623,22905.04975944633,22913.607521545302,8578.291900317508
1674968400,22956.53208391796,22961.09674410786,22933.70391668693,22961.826412307622,2331.2204757545114
1674972000,23040.91261693434,23056.52640508103,23011.060396020282,23034.848776294886,8510.642503541463
1674975600,23081.40493385927,23086.581301188802,23080.73342845752,23101.972299938105,8647.637779938943
1674979200,23156.252640001658,23166.0680009505,23141.83162464783,23166.693766723925,8712.066107876513
1674982800,23091.181689370525,23110.752024871592,23070.705135651802,23102.950839516147,3827.192458670887
1674986400,23076.818989716627,23097.180009788583,23068.156897961544,23079.9932282569,2112.3439102177854
1674990000,23016.23262321634,23022.448077750018,23007.106990408793,23008.762357538057,8924.725748079944
1674993600,23074.207662851266,23082.610169479336,23059.360587764735,23073.981496122542,7113.507876705848
1674997200,23013.862179423813,23030.804978284563,22986.68079673907,23027.641433751432,4868.097578919231
1675000800,22970.736571788813,23023.097208483658,22940.04842320552,22976.497274618883,4574.705496997112
1675004400,22835.09975170094,22873.424961920755,22828.204571479455,22856.762363470618,7699.624835425549
1675008000,22850.508256279594,22852.61145180371,22831.79094945754,22847.83061786669,2639.2618677303826
1675011600,22899.807507468508,22913.287498226724,22872.104131986373,22878.971423491173,3330.6534451854955
1675015200,22853.489220570813,22864.841807927325,22848.623698723106,22855.41654044914,6164.366056352893
1675018800,22903.69521366211,22925.438846629335,22882.895567539654,22914.418035042272,8394.388646610425
1675022400,22866.449003248876,22889.82864517236,22846.140682532176,22872.896298430296,9391.183387477557
1675026000,22820.86370648402,22833.90710417439,22806.880491469656,22833.57388381762,3942.3840786499277
1675029600,22862.204848375593,22865.47549935898,22833.6714037443,22859.895499553324,1892.2408607086718
1675033200,22752.04328896127,22752.53173344337,22717.143100978305,22745.433562423816,2799.2831048163207
1675036800,22865.77189465395,22898.31553037125,22808.864896471394,22872.73854228868,3842.5172016798497
1675040400,22815.81679433803,22826.393333834563,22801.23471343762,22816.695246497246,7078.309074953283
1675044000,22802.167492033772,22804.458121208438,22801.797344827013,22794.89964188467,9427.698148695112
1675047600,22795.0022286816,22798.13713550435,22794.032315223772,22783.82180344693,2846.0094878769505
1675051200,22825.070184055345,22849.451733941063,22806.173135406065,22839.910207503664,5402.502663680283
1675054800,22793.661765531728,22823.987014192022,22786.507284141542,22792.066384878854,9213.170302835166
1675058400,22844.384055997467,22879.079841015802,22835.234269544275,22832.56525560671,4142.603307246651
1675062000,22745.878858004042,22774.794899374603,22722.493931006687,22731.490064620317,2693.681592253265
1675065600,22693.719000037094,22701.173759360583,22691.929917768673,22691.659579683415,1839.0222257505695
1675069200,22663.580921907946,22664.622263239486,22656.05181950659,22658.65632668964,3528.1021267119827
1675072800,22669.791551990154,22670.072743346587,22660.42231866706,22676.343651644904,4351.515052589709
1675076400,22671.905753105628,22673.513954294445,22668.004911303913,22682.12362173347,3576.3081438785184
1675080000,22616.38419018056,22634.676269395477,22613.38109155379,22619.70809562088,1481.0997429913753
1675083600,22510.328480912045,22518.579443723487,22498.459909536014,22492.71484304337,7682.411325570268
1675087200,22500.912075891043,22544.050253250924,22488.26887136066,22505.72029399161,2281.9718914493737
1675090800,22518.429361013947,22529.38766701037,22518.188786382394,22516.068358346547,9076.29653456212
1675094400,22531.78446709825,22570.693926841894,22531.433385754543,22529.073581174445,2358.410093510952
1675098000,22531.670951228047,22534.95448398835,22478.54037569299,22516.089903033157,835.7113574595899
1675101600,22513.767719802956,22519.54198141123,22502.305693458267,22504.867842409472,5539.6647586401
1675105200,22455.760115375593,22464.80442568735,22453.393249157492,22450.0163911676,885.7173361534543
1675108800,22406.36359810899,22413.195505926233,22392.15536236783,22406.264212849517,8705.119716787229
1675112400,22423.88728229539,22446.697893241046,22390.473621660625,22432.290956504017,8543.158527927159
1675116000,22361.47554562754,22373.046736446995,22307.89798087916,22381.621569607945,2361.167400219247
1675119600,22367.410250689278,22426.070249990327,22322.025258311358,22376.473556099492,3255.686520447424
